Lingya,Office Commercial Building,F,A,F,T,F,F,2300
Lingya,Office Commercial Building,F,A,F,T,F,F,2300
Lingya,Office Commercial Building,F,A,F,T,F,F,2300
Lingya,Office Commercial Building,F,A,F,T,F,F,2400
Lingya,Office Commercial Building,F,A,F,T,T,F,2400
Lingya,Office Commercial Building,F,A,F,T,F,F,2500
Lingya,Office Commercial Building,F,A,F,T,F,F,2500
Lingya,Office Commercial Building,F,A,F,T,F,F,2500
Lingya,Office Commercial Building,F,A,F,T,F,F,2500
Lingya,Office Commercial Building,F,A,F,T,F,F,2500
Lingya,Office Commercial Building,F,A,F,T,F,F,2500
Gangshan,Townhouse,F,A,T,F,T,F,3000
Fengshan,Apartment,F,A,T,F,T,F,3500
Qianjin,Residential Building,T,B,T,T,T,F,3500
Fengshan,Apartment,F,A,T,F,T,F,3800
Luzhu,Suite,F,A,T,F,T,F,4000
Qianzhen,Other,F,A,T,F,T,F,4000
Qianzhen,Other,F,A,T,F,T,F,4000
Qianjin,Huaxia,T,A,F,T,T,F,4000
Nanzi,Suite,F,A,T,F,T,F,4000
Nanzi,Suite,F,A,T,F,T,F,4000
Nanzi,Suite,F,A,T,F,T,F,4000
Qianzhen,Townhouse,F,A,T,F,T,F,4000
Lingya,Apartment,F,B,F,F,F,F,4000
Qianzhen,Townhouse,F,A,T,F,T,F,4200
Lingya,Huaxia,T,A,T,T,T,F,4300
Sanmin,Townhouse,F,A,T,F,T,F,4500
Sanmin,Townhouse,F,A,T,F,T,F,4500
Sinsing,Apartment,F,A,T,F,T,F,4500
Sinsing,Apartment,F,A,T,F,T,F,4500
Sinsing,Apartment,F,A,T,F,T,F,4500
Sanmin,Townhouse,F,A,T,F,T,F,4500
Qianjin,Residential Building,T,A,T,T,T,F,4505
Zuoying,Townhouse,F,A,T,F,T,F,5000
Zuoying,Townhouse,F,A,T,F,T,F,5000
Sinsing,Apartment,F,A,T,F,T,F,5000
Fengshan,Townhouse,F,A,T,F,T,F,5000
Fengshan,Townhouse,F,A,T,F,T,F,5000
Lingya,Office Commercial Building,F,A,T,F,T,F,5000
Lingya,Office Commercial Building,F,A,T,F,F,F,5000
Lingya,Office Commercial Building,F,A,T,T,F,F,5000
Gangshan,Huaxia,T,A,T,F,F,F,5000
Sinsing,Huaxia,T,A,T,T,T,F,5000
Sinsing,Suite,F,A,T,T,T,F,5000
Zuoying,Suite,F,A,T,F,T,F,5000
Lingya,Residential Building,T,A,T,T,T,F,5000
Sanmin,Huaxia,T,A,T,T,F,F,5000
Qianzhen,Townhouse,F,A,T,F,F,F,5000
Lingya,Apartment,F,B,T,F,T,F,5000
Qianzhen,Apartment,F,B,T,F,T,F,5000
Daliao,Townhouse,F,H,T,F,T,F,5000
Daliao,Townhouse,F,H,T,F,T,F,5000
Fengshan,Store (Shop),F,I,F,F,F,F,5000
Sanmin,Townhouse,F,J,T,F,T,F,5000
Sanmin,Townhouse,F,A,T,F,T,F,5500
Sanmin,Townhouse,F,A,T,F,T,F,5500
Sanmin,Townhouse,F,A,T,F,T,F,5500
Sanmin,Townhouse,F,A,T,F,T,F,5500
Zuoying,Townhouse,F,A,T,F,T,F,5500
Sinsing,Townhouse,F,A,T,F,T,F,5500
Fengshan,Townhouse,F,A,T,F,T,F,5500
Sanmin,Huaxia,T,A,T,T,T,F,5500
Sanmin,Suite,F,A,T,T,T,F,5500
Gangshan,Townhouse,F,A,T,F,T,F,5500
Qianzhen,Residential Building,T,A,T,F,T,F,5500
Sinsing,Residential Building,T,C,T,T,T,F,5500
Daliao,Townhouse,F,H,T,F,T,F,5500
Sanmin,Residential Building,T,A,F,F,T,F,5700
Luzhu,Store (Shop),F,A,T,F,T,F,6000
Qianzhen,Residential Building,T,A,F,F,F,F,6000
Zuoying,Townhouse,F,A,T,F,T,F,6000
Zuoying,Townhouse,F,A,T,F,T,F,6000
Qianjin,Residential Building,T,A,T,F,T,F,6000
Sanmin,Residential Building,T,A,T,T,T,F,6000
Sinsing,Office Commercial Building,F,A,F,T,F,F,6000
Qianzhen,Townhouse,F,A,T,F,T,F,6000
Sinsing,Suite,F,A,F,T,T,F,6000
Yancheng,Suite,F,A,T,F,T,F,6000
Lingya,Townhouse,F,A,T,F,T,F,6000
Sanmin,Suite,F,A,T,F,F,F,6000
Sanmin,Residential Building,T,A,T,T,T,F,6000
Sanmin,Office Commercial Building,F,A,F,T,F,F,6000
Lingya,Office Commercial Building,F,A,F,T,F,F,6000
Sanmin,Townhouse,F,A,T,F,T,F,6000
Sanmin,Townhouse,F,B,T,F,T,F,6000
Sanmin,Apartment,F,B,T,F,F,F,6000
Fengshan,Apartment,F,B,T,F,T,F,6000
Lingya,Apartment,F,B,T,F,F,F,6000
Fengshan,Apartment,F,B,T,F,T,F,6000
Sanmin,Apartment,F,B,T,F,F,F,6000
Siaogang,Apartment,F,C,T,F,F,F,6000
Qianzhen,Apartment,F,C,T,F,F,F,6000
Fengshan,Apartment,F,C,T,F,F,F,6000
Fengshan,Townhouse,F,C,T,F,T,F,6000
Zuoying,Townhouse,F,D,T,F,T,F,6000
Sanmin,Apartment,F,D,T,F,F,F,6000
Sanmin,Warehouse,F,D,T,F,F,F,6000
Lingya,Huaxia,T,F,T,F,T,F,6000
Fengshan,Apartment,F,B,T,F,T,F,6100
Fengshan,Apartment,F,C,T,F,T,F,6200
Lingya,Apartment,F,D,T,F,T,F,6200
Lingya,Huaxia,T,A,T,F,T,F,6500
Lingya,Office Commercial Building,F,A,F,T,F,F,6500
Sinsing,Office Commercial Building,F,A,F,T,F,F,6500
Qianjin,Residential Building,T,A,T,T,T,F,6500
Sinsing,Office Commercial Building,F,A,F,T,F,F,6500
Qianzhen,Residential Building,T,A,T,T,T,F,6500
Sinsing,Office Commercial Building,F,A,F,T,F,F,6500
Sinsing,Office Commercial Building,F,A,F,T,F,F,6500
Sinsing,Office Commercial Building,F,A,F,T,F,F,6500
Gangshan,Townhouse,F,A,T,F,T,F,6500
Sanmin,Residential Building,T,A,T,T,T,F,6500
Qianzhen,Residential Building,T,A,T,T,T,F,6500
Fengshan,Apartment,F,B,T,F,T,F,6500
Fengshan,Apartment,F,B,T,F,F,F,6500
Fengshan,Apartment,F,B,T,F,F,F,6500
Fengshan,Apartment,F,B,T,F,T,F,6500
Sinsing,Office Commercial Building,F,C,F,T,F,F,6500
Sanmin,Residential Building,T,C,T,T,F,Mechanical,6500
Fengshan,Apartment,F,C,T,F,T,F,6500
Sanmin,Apartment,F,D,T,F,F,F,6500
Sanmin,Apartment,F,E,T,F,F,F,6500
Sinsing,Residential Building,T,A,T,T,T,F,6700
Qianzhen,Townhouse,F,A,T,F,T,F,7000
Cishan,Store (Shop),F,A,F,F,F,F,7000
Lingya,Huaxia,T,A,T,F,T,F,7000
Qianzhen,Townhouse,F,A,T,F,T,F,7000
Sanmin,Suite,F,A,T,F,T,F,7000
Qianzhen,Suite,F,A,T,F,T,F,7000
Qianzhen,Townhouse,F,A,T,F,T,F,7000
Sinsing,Suite,F,A,T,T,T,F,7000
Qianzhen,Suite,F,A,T,F,T,F,7000
Sinsing,Office Commercial Building,F,A,F,T,F,F,7000
Qianzhen,Residential Building,T,A,T,F,T,F,7000
Qianzhen,Townhouse,F,A,F,F,T,F,7000
Sanmin,Suite,F,A,T,T,T,F,7000
Lingya,Office Commercial Building,F,A,F,T,F,F,7000
Lingya,Office Commercial Building,F,A,F,T,F,F,7000
Lingya,Office Commercial Building,F,A,F,T,F,F,7000
Lingya,Residential Building,T,A,F,T,F,F,7000
Sinsing,Suite,F,A,T,T,T,F,7000
Sanmin,Suite,F,A,T,T,T,F,7000
Gangshan,Huaxia,T,B,T,T,T,F,7000
Lingya,Apartment,F,B,T,F,T,F,7000
Sanmin,Townhouse,F,B,T,F,T,F,7000
Fengshan,Apartment,F,B,T,F,F,F,7000
Sanmin,Townhouse,F,B,T,F,F,F,7000
Qianzhen,Apartment,F,B,T,F,F,F,7000
Sanmin,Townhouse,F,B,T,F,F,F,7000
Sanmin,Residential Building,T,B,T,T,F,Mechanical,7000
Yancheng,Huaxia,T,B,T,T,F,F,7000
Zuoying,Residential Building,T,B,T,T,F,F,7000
Fengshan,Apartment,F,C,T,F,F,F,7000
Nanzi,Townhouse,F,C,T,F,F,F,7000
Dashe,Huaxia,T,C,T,F,F,F,7000
Zuoying,Apartment,F,C,T,F,T,F,7000
Fengshan,Apartment,F,C,T,F,T,F,7000
Fengshan,Apartment,F,D,T,F,F,F,7000
Sanmin,Apartment,F,D,T,F,T,F,7000
Linyuan,Apartment,F,D,T,F,T,F,7000
Siaogang,Huaxia,T,E,T,T,T,F,7000
Lingya,Apartment,F,E,T,F,F,F,7000
Sinsing,Huaxia,T,E,T,T,T,F,7000
Linyuan,Townhouse,F,H,T,F,T,F,7000
Qianzhen,Townhouse,F,A,T,F,T,F,7500
Gangshan,Townhouse,F,A,T,F,F,F,7500
Sinsing,Residential Building,T,A,T,F,F,F,7500
Qianzhen,Residential Building,T,A,T,F,T,F,7500
Lingya,Office Commercial Building,F,A,F,T,F,F,7500
Lingya,Townhouse,F,A,T,F,F,F,7500
Sanmin,Townhouse,F,B,T,F,T,F,7500
Fengshan,Apartment,F,B,T,F,F,F,7500
Fengshan,Apartment,F,C,T,F,T,F,7500
Zuoying,Townhouse,F,D,T,F,T,F,7500
Qianzhen,Residential Building,T,A,T,F,T,F,7800
Daliao,Residential Building,T,F,T,T,F,F,7800
Lingya,Suite,F,A,T,F,T,F,8000
Qianzhen,Townhouse,F,A,T,F,T,F,8000
Daliao,Townhouse,F,A,F,F,T,F,8000
Daliao,Townhouse,F,A,F,F,T,F,8000
Daliao,Townhouse,F,A,F,F,T,F,8000
Daliao,Townhouse,F,A,F,F,T,F,8000
Daliao,Townhouse,F,A,F,F,T,F,8000
Sanmin,Residential Building,T,A,T,T,T,F,8000
Lingya,Residential Building,T,A,T,T,T,F,8000
Sinsing,Townhouse,F,A,F,F,T,F,8000
Yancheng,Huaxia,T,A,T,F,T,F,8000
Qianzhen,Residential Building,T,A,T,T,T,F,8000
Qianzhen,Residential Building,T,A,T,F,T,F,8000
Qianzhen,Residential Building,T,A,T,F,F,F,8000
Lingya,Office Commercial Building,F,A,F,T,F,F,8000
Sinsing,Suite,F,A,T,F,T,F,8000
Lingya,Townhouse,F,A,T,F,F,F,8000
Lingya,Office Commercial Building,F,A,F,T,F,F,8000
Zuoying,Huaxia,T,A,T,T,T,F,8000
Qianzhen,Suite,F,A,T,T,T,F,8000
Qianzhen,Residential Building,T,A,T,T,T,F,8000
Qianzhen,Residential Building,T,A,T,T,T,F,8000
Qianzhen,Suite,F,A,T,T,T,F,8000
Fengshan,Apartment,F,B,T,F,T,F,8000
Qianzhen,Apartment,F,B,T,F,T,F,8000
Lingya,Townhouse,F,B,T,F,F,F,8000
Gushan,Residential Building,T,B,T,T,T,F,8000
Lingya,Townhouse,F,B,T,F,T,F,8000
Yancheng,Apartment,F,B,T,F,T,F,8000
Qianjin,Huaxia,T,B,T,T,T,F,8000
Fengshan,Apartment,F,B,T,F,T,F,8000
Lingya,Office Commercial Building,F,B,F,T,F,F,8000
Fengshan,Apartment,F,B,T,F,T,F,8000
Qianzhen,Townhouse,F,B,T,F,F,F,8000
Sanmin,Townhouse,F,B,T,F,T,F,8000
Sanmin,Townhouse,F,B,T,F,F,F,8000
Gushan,Apartment,F,C,T,F,T,F,8000
Gushan,Townhouse,F,C,T,F,T,F,8000
Qianzhen,Apartment,F,C,T,F,T,F,8000
Zuoying,Apartment,F,C,T,F,F,F,8000
Zuoying,Residential Building,T,C,T,F,T,F,8000
Sanmin,Apartment,F,C,T,F,F,F,8000
Qianjin,Office Commercial Building,F,C,T,T,T,F,8000
Sanmin,Apartment,F,C,T,F,T,F,8000
Fengshan,Apartment,F,D,T,F,T,F,8000
Qianzhen,Apartment,F,D,T,F,F,F,8000
Sanmin,Townhouse,F,D,T,F,F,F,8000
Ciaotou,Townhouse,F,D,T,F,T,F,8000
Qianzhen,Apartment,F,E,T,F,F,F,8000
Lingya,Apartment,F,E,T,F,F,F,8000
Linyuan,Townhouse,F,F,T,F,F,F,8000
Cishan,Townhouse,F,G,T,F,F,F,8000
Cishan,Townhouse,F,G,T,F,F,F,8000
Gangshan,Huaxia,T,G,F,F,T,F,8000
Lingya,Townhouse,F,G,F,F,T,F,8000
Sanmin,Apartment,F,B,T,F,F,F,8200
Fengshan,Huaxia,T,E,T,F,F,F,8400
Lingya,Office Commercial Building,F,A,T,T,T,F,8500
Lingya,Office Commercial Building,F,A,F,T,F,F,8500
Sinsing,Office Commercial Building,F,A,F,T,F,F,8500
Sinsing,Office Commercial Building,F,A,F,T,F,F,8500
Qianjin,Residential Building,T,A,T,T,T,F,8500
Siaogang,Apartment,F,A,T,F,T,F,8500
Lingya,Office Commercial Building,F,B,F,T,F,F,8500
Fengshan,Apartment,F,B,T,F,F,F,8500
Gushan,Residential Building,T,B,T,F,F,F,8500
Gushan,Residential Building,T,B,T,T,T,F,8500
Sanmin,Apartment,F,B,T,F,T,F,8500
Sanmin,Huaxia,T,C,T,F,T,F,8500
Fengshan,Apartment,F,C,T,F,T,F,8500
Lingya,Apartment,F,C,T,F,F,F,8500
Fengshan,Residential Building,T,C,T,F,T,F,8500
Gangshan,Huaxia,T,C,T,F,T,Flat,8500
Sanmin,Apartment,F,C,T,F,T,F,8500
Fengshan,Apartment,F,D,T,F,F,F,8500
Sanmin,Apartment,F,E,T,F,T,F,8500
Sanmin,Residential Building,T,E,T,T,F,F,8500
Sanmin,Huaxia,T,D,T,T,T,F,8600
Zuoying,Townhouse,F,A,T,F,T,F,9000
Yancheng,Suite,F,A,T,T,T,F,9000
Fengshan,Store (Shop),F,A,T,F,F,F,9000
Qianzhen,Residential Building,T,A,T,F,T,F,9000
Lingya,Office Commercial Building,F,A,F,T,F,F,9000
Lingya,Office Commercial Building,F,A,F,T,F,F,9000
Lingya,Office Commercial Building,F,B,F,T,F,F,9000
Qianzhen,Apartment,F,B,T,F,T,F,9000
Dashu,Townhouse,F,B,T,F,F,F,9000
Ciaotou,Townhouse,F,B,T,F,F,F,9000
Sinsing,Office Commercial Building,F,B,F,T,F,F,9000
Lingya,Office Commercial Building,F,B,F,T,F,F,9000
Lingya,Office Commercial Building,F,B,F,T,F,F,9000
Lingya,Residential Building,T,B,T,F,T,F,9000
Gushan,Residential Building,T,B,T,T,T,F,9000
Lingya,Apartment,F,B,T,F,T,F,9000
Sinsing,Huaxia,T,B,T,T,F,F,9000
Qianzhen,Townhouse,F,B,T,F,F,F,9000
Qianzhen,Apartment,F,B,T,F,T,F,9000
Zuoying,Townhouse,F,B,T,F,F,F,9000
Qianzhen,Residential Building,T,B,T,F,T,F,9000
Sanmin,Apartment,F,B,T,F,F,F,9000
Gangshan,Townhouse,F,B,F,F,F,F,9000
Sinsing,Office Commercial Building,F,B,F,T,F,F,9000
Sanmin,Apartment,F,B,T,F,T,F,9000
Sanmin,Apartment,F,C,T,F,T,F,9000
Gushan,Apartment,F,C,T,F,F,F,9000
Sanmin,Apartment,F,C,T,F,F,F,9000
Sanmin,Residential Building,T,C,T,F,T,F,9000
Lingya,Apartment,F,C,T,F,T,F,9000
Lingya,Townhouse,F,D,F,F,F,F,9000
Lingya,Residential Building,T,D,T,T,T,F,9000
Lingya,Apartment,F,D,T,F,T,F,9000
Gangshan,Residential Building,T,D,T,T,T,Flat,9000
Fengshan,Store (Shop),F,D,F,F,F,F,9000
Fengshan,Store (Shop),F,D,F,F,F,F,9000
Fengshan,Huaxia,T,E,T,F,F,F,9000
Sanmin,Residential Building,T,E,T,T,F,F,9000
Gangshan,Residential Building,T,E,T,F,F,F,9000
Sanmin,Residential Building,T,E,T,T,F,F,9000
Lingya,Residential Building,T,F,T,T,F,F,9000
Qianjin,Suite,F,J,T,T,T,F,9000
Zuoying,Huaxia,T,B,T,T,T,F,9300
Sinsing,Office Commercial Building,F,B,F,T,F,F,9500
Qianzhen,Townhouse,F,B,T,F,F,F,9500
Lingya,Office Commercial Building,F,B,F,T,F,F,9500
Qianzhen,Residential Building,T,B,T,T,T,F,9500
Sanmin,Huaxia,T,B,T,F,F,F,9500
Lingya,Residential Building,T,D,T,T,T,F,9500
Gushan,Residential Building,T,D,T,T,F,F,9500
Fengshan,Huaxia,T,D,T,T,F,F,9500
Daliao,Residential Building,T,D,T,T,T,F,9500
Lingya,Apartment,F,F,T,F,F,F,9500
Siaogang,Residential Building,T,G,T,T,T,F,9500
Qianzhen,Residential Building,T,G,T,F,T,F,9600
Fengshan,Other,F,A,T,F,F,F,10000
Daliao,Townhouse,F,A,F,F,T,F,10000
Daliao,Townhouse,F,A,F,F,T,F,10000
Fengshan,Townhouse,F,A,T,F,F,F,10000
Zuoying,Townhouse,F,A,F,F,F,F,10000
Qianzhen,Residential Building,T,A,T,T,T,F,10000
Sinsing,Townhouse,F,A,F,F,F,F,10000
Ciaotou,Townhouse,F,A,F,F,F,F,10000
Lingya,Huaxia,T,A,T,T,T,F,10000
Sanmin,Apartment,F,A,T,F,T,F,10000
Fengshan,Residential Building,T,A,T,T,F,F,10000
Sanmin,Townhouse,F,A,F,F,F,F,10000
Sanmin,Townhouse,F,A,F,F,F,F,10000
Sanmin,Residential Building,T,A,F,T,F,F,10000
Lingya,Office Commercial Building,F,A,F,T,F,F,10000
Lingya,Townhouse,F,A,F,F,F,F,10000
Lingya,Suite,F,A,T,T,T,F,10000
Lingya,Townhouse,F,B,T,F,F,F,10000
Lingya,Office Commercial Building,F,B,F,T,F,Flat,10000
Qianjin,Residential Building,T,B,T,F,T,F,10000
Sanmin,Residential Building,T,B,T,T,T,F,10000
Sanmin,Townhouse,F,B,F,F,F,F,10000
Lingya,Apartment,F,B,T,F,T,F,10000
Lingya,Apartment,F,B,T,F,T,F,10000
Sanmin,Townhouse,F,B,F,F,F,F,10000
Qianjin,Residential Building,T,B,T,F,T,F,10000
Lingya,Apartment,F,B,F,F,F,F,10000
Fengshan,Residential Building,T,B,F,F,F,F,10000
Sanmin,Apartment,F,B,T,F,T,F,10000
Lingya,Office Commercial Building,F,B,F,T,F,F,10000
Lingya,Office Commercial Building,F,B,F,T,F,F,10000
Gushan,Apartment,F,B,T,F,T,F,10000
Qianzhen,Residential Building,T,B,T,F,F,F,10000
Qianzhen,Residential Building,T,B,T,T,T,F,10000
Lingya,Office Commercial Building,F,B,F,T,F,F,10000
Lingya,Office Commercial Building,F,B,F,T,F,F,10000
Lingya,Residential Building,T,B,T,T,T,F,10000
Siaogang,Apartment,F,C,T,F,F,F,10000
Gangshan,Townhouse,F,C,T,F,T,F,10000
Lingya,Apartment,F,C,T,F,T,F,10000
Zuoying,Apartment,F,C,T,F,T,F,10000
Sanmin,Apartment,F,C,T,F,T,F,10000
Niaosong,Apartment,F,C,T,F,T,F,10000
Qianzhen,Apartment,F,C,T,F,F,F,10000
Lingya,Apartment,F,C,T,F,T,F,10000
Gushan,Residential Building,T,C,T,T,F,F,10000
Lingya,Apartment,F,C,T,F,T,F,10000
Lingya,Townhouse,F,C,T,F,T,F,10000
Gushan,Apartment,F,C,T,F,T,F,10000
Qianjin,Office Commercial Building,F,C,T,F,F,F,10000
Lingya,Residential Building,T,C,T,F,T,F,10000
Fengshan,Office Commercial Building,F,C,T,F,F,F,10000
Fengshan,Residential Building,T,C,T,T,T,F,10000
Lingya,Apartment,F,D,T,F,F,F,10000
Sinsing,Townhouse,F,D,F,F,F,F,10000
Fengshan,Office Commercial Building,F,D,T,F,T,F,10000
Sanmin,Apartment,F,D,T,F,T,F,10000
Nanzi,Apartment,F,D,T,F,T,F,10000
Sanmin,Residential Building,T,D,T,F,T,F,10000
Zuoying,Residential Building,T,D,T,T,F,Flat,10000
Sanmin,Apartment,F,D,T,F,T,F,10000
Lingya,Residential Building,T,D,T,T,T,F,10000
Lingya,Residential Building,T,D,T,T,T,F,10000
Sanmin,Apartment,F,D,T,F,F,F,10000
Lingya,Apartment,F,D,T,F,T,F,10000
Lingya,Apartment,F,D,T,F,T,F,10000
Qianzhen,Residential Building,T,D,T,T,T,F,10000
Sanmin,Townhouse,F,D,T,F,F,F,10000
Lingya,Apartment,F,D,T,F,F,F,10000
Lingya,Apartment,F,E,T,F,T,F,10000
Zuoying,Residential Building,T,E,T,F,T,F,10000
Sanmin,Townhouse,F,E,T,F,F,F,10000
Lingya,Residential Building,T,E,F,F,T,F,10000
Sanmin,Apartment,F,E,T,F,T,F,10000
Sanmin,Apartment,F,E,T,F,T,F,10000
Sanmin,Residential Building,T,E,T,T,T,F,10000
Sanmin,Residential Building,T,E,T,T,F,F,10000
Sanmin,Residential Building,T,F,T,F,T,F,10000
Qianzhen,Residential Building,T,F,T,T,F,F,10000
Qianzhen,Residential Building,T,F,T,F,T,F,10000
Qianzhen,Residential Building,T,F,T,T,T,F,10000
Fengshan,Residential Building,T,F,T,T,T,F,10000
Zuoying,Huaxia,T,F,T,T,F,Flat,10000
Lingya,Residential Building,T,F,T,T,T,F,10000
Qianzhen,Apartment,F,F,T,F,T,F,10000
Nanzi,Apartment,F,G,T,F,T,F,10000
Sanmin,Residential Building,T,G,T,T,T,F,10000
Siaogang,Townhouse,F,G,T,F,F,F,10000
Lingya,Townhouse,F,G,F,F,F,F,10000
Qianzhen,Residential Building,T,H,T,T,F,F,10000
Zuoying,Huaxia,T,H,T,T,T,Mechanical,10000
Fengshan,Residential Building,T,H,T,T,T,F,10000
Lingya,Office Commercial Building,F,H,T,T,F,F,10000
Zuoying,Residential Building,T,H,T,T,T,F,10000
Nanzi,Townhouse,F,H,T,F,F,F,10000
Sanmin,Residential Building,T,H,T,T,F,Flat,10000
Sanmin,Residential Building,T,H,T,T,F,Flat,10000
Sanmin,Residential Building,T,I,F,T,F,F,10000
Fengshan,Store (Shop),F,I,F,F,F,F,10000
Siaogang,Townhouse,F,I,F,F,F,F,10000
Gushan,Residential Building,T,I,T,T,T,Flat,10000
Sanmin,Apartment,F,B,T,F,T,F,10500
Sanmin,Apartment,F,C,T,F,F,F,10500
Gushan,Townhouse,F,D,F,F,T,F,10500
Lingya,Townhouse,F,D,F,F,F,F,10500
Sinsing,Residential Building,T,A,T,T,T,F,11000
Nanzi,Townhouse,F,A,F,F,F,F,11000
Sanmin,Apartment,F,B,T,F,F,F,11000
Yancheng,Huaxia,T,B,T,T,T,F,11000
Sanmin,Residential Building,T,B,T,T,T,F,11000
Qianzhen,Apartment,F,B,T,F,F,F,11000
Zuoying,Residential Building,T,B,T,T,T,F,11000
Gushan,Residential Building,T,B,T,F,T,F,11000
Qianzhen,Residential Building,T,B,T,T,T,F,11000
Lingya,Office Commercial Building,F,C,T,F,F,F,11000
Gushan,Residential Building,T,C,T,T,T,F,11000
Gushan,Townhouse,F,C,F,F,F,F,11000
Sinsing,Office Commercial Building,F,C,F,T,F,F,11000
Sanmin,Store (Shop),F,C,T,F,T,F,11000
Qianjin,Residential Building,T,,T,T,T,F,11000
Fengshan,Townhouse,F,D,F,F,F,F,11000
Lingya,Residential Building,T,D,T,T,T,F,11000
Lingya,Residential Building,T,D,T,T,T,F,11000
Sanmin,Residential Building,T,D,T,F,T,F,11000
Lingya,Office Commercial Building,F,D,F,T,F,F,11000
Sanmin,Townhouse,F,D,T,F,F,F,11000
Sanmin,Huaxia,T,D,T,T,F,F,11000
Sanmin,Residential Building,T,E,F,T,F,F,11000
Sinsing,Huaxia,T,E,T,T,T,F,11000
Fengshan,Residential Building,T,E,T,T,T,F,11000
Lingya,Residential Building,T,E,T,T,T,F,11000
Lingya,Residential Building,T,E,T,T,T,F,11000
Sinsing,Office Commercial Building,F,E,T,T,F,F,11000
Gangshan,Residential Building,T,E,T,T,T,F,11000
Sinsing,Residential Building,T,E,T,T,T,F,11000
Zuoying,Residential Building,T,F,T,T,T,Mechanical,11000
Qianjin,Huaxia,T,F,T,F,T,F,11000
Sanmin,Residential Building,T,F,T,T,T,F,11000
Qianzhen,Residential Building,T,F,T,T,T,F,11000
Siaogang,Residential Building,T,F,T,T,T,F,11000
Sinsing,Residential Building,T,G,T,T,F,F,11000
Zuoying,Residential Building,T,G,T,T,F,Mechanical,11000
Siaogang,Residential Building,T,G,T,T,T,F,11000
Ciaotou,Townhouse,F,G,T,T,F,F,11000
Ciaotou,Townhouse,F,H,T,T,F,F,11000
Daliao,Residential Building,T,C,T,F,T,F,11400
Gushan,Residential Building,T,A,T,F,F,F,11500
Sanmin,Apartment,F,A,T,F,F,F,11500
Sinsing,Apartment,F,C,T,F,T,F,11500
Gushan,Apartment,F,D,T,F,F,F,11500
Sanmin,Apartment,F,D,T,F,T,F,11500
Qianzhen,Residential Building,T,B,T,F,T,F,11800
Gushan,Huaxia,T,D,T,F,T,F,11852
Qianjin,Residential Building,T,A,T,T,T,F,12000
Sanmin,Suite,F,A,T,F,T,F,12000
Lingya,Residential Building,T,A,T,T,T,F,12000
Qianzhen,Suite,F,A,T,F,T,F,12000
Qianzhen,Suite,F,A,T,F,T,F,12000
Qianzhen,Residential Building,T,A,T,T,T,F,12000
Sanmin,Townhouse,F,A,F,F,F,F,12000
Lingya,Residential Building,T,A,T,T,T,F,12000
Lingya,Residential Building,T,B,T,T,T,F,12000
Lingya,Residential Building,T,B,T,T,T,F,12000
Lingya,Townhouse,F,B,T,F,T,F,12000
Lingya,Townhouse,F,B,F,F,F,F,12000
Sanmin,Townhouse,F,B,F,F,F,F,12000
Fengshan,Townhouse,F,B,F,F,F,F,12000
Zuoying,Townhouse,F,B,F,F,F,F,12000
Lingya,Townhouse,F,B,T,F,T,F,12000
Yancheng,Townhouse,F,B,F,F,F,F,12000
Lingya,Office Commercial Building,F,B,T,F,F,F,12000
Lingya,Townhouse,F,B,F,F,F,F,12000
Sinsing,Huaxia,T,B,T,T,T,F,12000
Lingya,Apartment,F,B,T,F,T,F,12000
Qianzhen,Store (Shop),F,B,F,F,T,F,12000
Qianzhen,Residential Building,T,B,T,T,T,F,12000
Qianjin,Residential Building,T,B,T,T,T,F,12000
Qianjin,Townhouse,F,B,F,F,F,F,12000
Sanmin,Residential Building,T,C,T,F,T,F,12000
Gushan,Residential Building,T,C,T,T,F,F,12000
Qianzhen,Residential Building,T,C,T,F,T,F,12000
Sanmin,Residential Building,T,C,T,T,T,F,12000
Zuoying,Residential Building,T,C,T,T,T,F,12000
Sanmin,Residential Building,T,C,T,F,T,F,12000
Sinsing,Office Commercial Building,F,C,F,T,F,F,12000
Qianzhen,Apartment,F,C,T,F,F,F,12000
Lingya,Apartment,F,C,T,F,T,F,12000
Fengshan,Townhouse,F,C,T,F,F,F,12000
Gushan,Residential Building,T,C,T,F,T,F,12000
Lingya,Apartment,F,C,T,F,T,F,12000
Fengshan,Townhouse,F,C,T,F,T,F,12000
Qianzhen,Store (Shop),F,C,T,T,F,F,12000
Zuoying,Residential Building,T,C,T,T,T,F,12000
Nanzi,Residential Building,T,C,T,F,T,F,12000
Nanzi,Townhouse,F,C,T,F,F,F,12000
Sanmin,Residential Building,T,C,T,F,F,F,12000
Sanmin,Apartment,F,C,T,F,T,F,12000
Zuoying,Residential Building,T,C,T,T,T,F,12000
Qianzhen,Residential Building,T,D,T,F,F,F,12000
Gushan,Residential Building,T,D,T,F,T,F,12000
Lingya,Townhouse,F,D,F,F,F,F,12000
Sanmin,Residential Building,T,D,T,T,F,F,12000
Zuoying,Residential Building,T,D,T,F,T,F,12000
Sanmin,Townhouse,F,D,T,F,F,F,12000
Gushan,Residential Building,T,D,T,T,F,F,12000
Lingya,Residential Building,T,D,T,T,T,F,12000
Lingya,Residential Building,T,D,T,T,T,F,12000
Nanzi,Huaxia,T,D,T,F,T,F,12000
Fengshan,Huaxia,T,D,T,T,T,Flat,12000
Nanzi,Townhouse,F,D,T,F,F,F,12000
Qianzhen,Townhouse,F,D,T,F,T,F,12000
Sinsing,Apartment,F,D,T,F,F,F,12000
Lingya,Residential Building,T,D,T,T,T,F,12000
Nanzi,Residential Building,T,D,T,F,F,Mechanical,12000
Qianzhen,Huaxia,T,E,T,F,F,Other,12000
Fengshan,Townhouse,F,E,T,F,F,F,12000
Sanmin,Apartment,F,E,T,F,T,F,12000
Renwu,Townhouse,F,E,T,F,F,F,12000
Lingya,Residential Building,T,E,T,T,T,F,12000
Lingya,Residential Building,T,E,T,T,T,F,12000
Yancheng,Residential Building,T,E,T,T,F,F,12000
Lingya,Residential Building,T,E,T,T,T,F,12000
Lingya,Residential Building,T,E,T,T,T,F,12000
Lingya,Residential Building,T,E,T,T,T,Flat,12000
Sanmin,Residential Building,T,E,T,F,T,F,12000
Sanmin,Townhouse,F,E,T,F,F,F,12000
Sanmin,Huaxia,T,F,T,T,F,F,12000
Lingya,Residential Building,T,F,T,T,T,F,12000
Sanmin,Residential Building,T,F,F,T,F,F,12000
Zuoying,Huaxia,T,F,T,T,T,F,12000
Lingya,Residential Building,T,F,T,T,T,F,12000
Zuoying,Huaxia,T,F,T,T,F,Flat,12000
Sanmin,Huaxia,T,F,T,T,T,F,12000
Zuoying,Residential Building,T,F,T,T,T,F,12000
Fengshan,Townhouse,F,F,T,F,F,F,12000
Sinsing,Residential Building,T,F,T,F,F,F,12000
Fengshan,Townhouse,F,G,T,F,F,F,12000
Sanmin,Residential Building,T,G,T,T,F,F,12000
Sinsing,Townhouse,F,G,T,F,T,F,12000
Sanmin,Residential Building,T,G,T,T,T,F,12000
Sanmin,Residential Building,T,G,T,T,F,F,12000
Sanmin,Residential Building,T,G,T,T,T,F,12000
Gangshan,Residential Building,T,G,T,T,F,Mechanical,12000
Zuoying,Residential Building,T,H,T,T,F,Flat,12000
Lingya,Office Commercial Building,F,H,F,T,F,F,12000
Sanmin,Residential Building,T,I,F,T,F,F,12000
Zuoying,Townhouse,F,B,T,F,F,F,12500
Lingya,Office Commercial Building,F,D,T,T,T,F,12500
Nanzi,Apartment,F,D,T,F,T,F,12500
Lingya,Residential Building,T,D,T,T,T,F,12500
Gushan,Townhouse,F,D,T,F,T,F,12500
Sinsing,Office Commercial Building,F,D,F,T,F,F,12500
Gangshan,Huaxia,T,E,T,F,T,F,12500
Zuoying,Huaxia,T,F,T,T,T,F,12500
Lingya,Residential Building,T,G,T,T,T,F,12500
Siaogang,Townhouse,F,G,T,F,T,F,12500
Zuoying,Huaxia,T,E,T,T,F,Flat,12600
Qianjin,Residential Building,T,G,T,F,T,F,12650
Nanzi,Residential Building,T,D,T,T,T,F,12800
Fengshan,Store (Shop),F,A,F,F,F,F,13000
Lingya,Store (Shop),F,A,F,F,F,F,13000
Gangshan,Townhouse,F,A,F,F,F,F,13000
Lingya,Residential Building,T,A,T,T,T,F,13000
Sinsing,Store (Shop),F,B,T,F,F,F,13000
Zuoying,Townhouse,F,B,F,F,F,F,13000
Lingya,Apartment,F,B,T,F,F,F,13000
Qianjin,Residential Building,T,B,T,F,F,F,13000
Qianzhen,Townhouse,F,B,T,F,F,F,13000
Qianzhen,Residential Building,T,C,T,F,T,F,13000
Lingya,Office Commercial Building,F,C,F,T,F,F,13000
Gushan,Apartment,F,C,T,F,T,F,13000
Gushan,Apartment,F,C,T,F,F,F,13000
Lingya,Office Commercial Building,F,C,F,T,F,F,13000
Lingya,Office Commercial Building,F,C,F,T,F,F,13000
Sanmin,Townhouse,F,C,T,F,T,F,13000
Lingya,Office Commercial Building,F,C,F,T,F,F,13000
Sinsing,Townhouse,F,D,F,F,F,F,13000
Qianjin,Residential Building,T,D,T,T,T,F,13000
Lingya,Residential Building,T,D,T,T,T,F,13000
Lingya,Apartment,F,D,T,F,F,F,13000
Sanmin,Huaxia,T,E,T,F,F,F,13000
Cijin,Apartment,F,E,T,F,F,F,13000
Zuoying,Residential Building,T,E,T,F,T,F,13000
Lingya,Office Commercial Building,F,E,T,T,T,F,13000
Zuoying,Residential Building,T,E,T,T,F,Mechanical,13000
Lingya,Residential Building,T,F,T,T,T,F,13000
Sanmin,Residential Building,T,F,T,T,F,F,13000
Lingya,Residential Building,T,F,T,T,T,F,13000
Lingya,Residential Building,T,F,T,T,T,F,13000
Lingya,Residential Building,T,F,T,T,T,F,13000
Sanmin,Residential Building,T,F,T,T,T,F,13000
Nanzi,Residential Building,T,F,T,F,T,F,13000
Nanzi,Residential Building,T,F,T,T,T,F,13000
Sanmin,Townhouse,F,F,T,F,F,F,13000
Sanmin,Townhouse,F,F,T,F,F,F,13000
Fengshan,Residential Building,T,F,T,T,T,Flat,13000
Zuoying,Huaxia,T,F,T,T,F,Flat,13000
Lingya,Residential Building,T,F,T,T,T,F,13000
Zuoying,Residential Building,T,F,T,T,T,Mechanical,13000
Fengshan,Residential Building,T,F,T,T,F,Mechanical,13000
Sinsing,Residential Building,T,F,T,F,F,F,13000
Fengshan,Residential Building,T,F,T,F,T,F,13000
Qianjin,Huaxia,T,F,T,F,T,F,13000
Lingya,Residential Building,T,F,T,F,T,F,13000
Lingya,Residential Building,T,G,T,T,T,F,13000
Lingya,Residential Building,T,G,T,T,T,F,13000
Zuoying,Huaxia,T,G,T,T,T,F,13000
Sanmin,Residential Building,T,G,T,T,F,F,13000
Qianzhen,Townhouse,F,G,F,F,F,F,13000
Zuoying,Residential Building,T,G,T,F,T,F,13000
Dashe,Townhouse,F,G,T,F,T,F,13000
Zuoying,Townhouse,F,H,T,F,F,F,13000
Sanmin,Residential Building,T,H,T,T,T,F,13000
Zuoying,Residential Building,T,H,T,T,F,Flat,13000
Zuoying,Residential Building,T,H,T,T,T,Flat,13000
Gangshan,Residential Building,T,H,T,T,F,F,13000
Alian,Townhouse,F,I,T,F,F,F,13000
Alian,Townhouse,F,I,T,F,F,F,13000
Renwu,Townhouse,F,I,T,F,F,Flat,13000
Gushan,Residential Building,T,D,T,F,T,F,13009
Zuoying,Residential Building,T,G,T,T,T,Flat,13162
Sinsing,Office Commercial Building,F,D,F,T,F,F,13200
Zuoying,Residential Building,T,F,T,F,F,F,13300
Zuoying,Residential Building,T,B,T,T,T,F,13350
Gushan,Residential Building,T,A,F,F,T,F,13500
Lingya,Residential Building,T,A,T,F,T,F,13500
Sinsing,Office Commercial Building,F,C,F,T,F,F,13500
Qianzhen,Apartment,F,C,T,F,T,F,13500
Fengshan,Apartment,F,C,F,F,F,F,13500
Lingya,Office Commercial Building,F,D,F,T,F,F,13500
Fengshan,Townhouse,F,D,T,F,F,F,13500
Lingya,Residential Building,T,E,T,T,T,F,13500
Fengshan,Residential Building,T,F,T,T,F,F,13500
Fengshan,Residential Building,T,F,T,F,T,F,13500
Lingya,Huaxia,T,G,T,T,T,F,13500
Gushan,Residential Building,T,G,T,T,F,Flat,13500
Gangshan,Residential Building,T,H,T,T,T,Flat,13500
Sanmin,Huaxia,T,H,T,F,T,F,13500
Sanmin,Residential Building,T,H,T,T,F,F,13500
Qianzhen,Residential Building,T,H,T,F,F,F,13500
Fengshan,Residential Building,T,H,T,T,F,F,13500
Lingya,Residential Building,T,C,T,T,T,F,13800
Qianzhen,Townhouse,F,D,T,F,F,F,13800
Qianzhen,Residential Building,T,F,T,F,F,F,13800
Lingya,Townhouse,F,A,F,F,F,F,14000
Gushan,Residential Building,T,C,T,T,T,Mechanical,14000
Gushan,Residential Building,T,C,T,T,T,F,14000
Gushan,Residential Building,T,C,T,T,T,F,14000
Qianzhen,Residential Building,T,C,T,T,T,F,14000
Qianzhen,Residential Building,T,C,T,T,T,F,14000
Lingya,Huaxia,T,C,T,F,T,F,14000
Gushan,Residential Building,T,C,T,T,T,F,14000
Sanmin,Residential Building,T,C,T,T,T,F,14000
Sinsing,Residential Building,T,C,T,T,T,Mechanical,14000
Gushan,Residential Building,T,,T,T,T,F,14000
Lingya,Apartment,F,D,T,F,T,F,14000
Zuoying,Residential Building,T,D,T,T,T,F,14000
Sanmin,Residential Building,T,D,T,T,T,F,14000
Sanmin,Residential Building,T,D,T,T,T,F,14000
Lingya,Residential Building,T,D,T,T,T,F,14000
Lingya,Residential Building,T,E,T,T,T,F,14000
Gushan,Residential Building,T,E,T,T,F,F,14000
Lingya,Residential Building,T,E,T,T,T,F,14000
Lingya,Residential Building,T,E,T,T,T,F,14000
Sanmin,Huaxia,T,E,T,T,T,Mechanical,14000
Qianzhen,Store (Shop),F,F,T,F,F,F,14000
Gushan,Residential Building,T,F,T,F,T,Mechanical,14000
Zuoying,Huaxia,T,F,T,T,T,Flat,14000
Lingya,Residential Building,T,F,T,T,T,F,14000
Lingya,Residential Building,T,F,T,T,T,F,14000
Qianzhen,Residential Building,T,F,T,F,T,F,14000
Lingya,Residential Building,T,G,T,T,T,F,14000
Sanmin,Residential Building,T,G,T,T,T,Mechanical,14000
Lingya,Residential Building,T,G,T,T,F,F,14000
Sanmin,Huaxia,T,G,T,F,T,F,14000
Zuoying,Townhouse,F,G,F,F,F,F,14000
Qianjin,Office Commercial Building,F,H,T,T,F,F,14000
Sanmin,Residential Building,T,H,T,T,F,F,14000
Zuoying,Residential Building,T,H,T,T,T,Flat,14000
Zuoying,Residential Building,T,I,T,T,F,Flat,14000
Gushan,Residential Building,T,J,T,F,T,F,14000
Gushan,Residential Building,T,B,T,T,T,F,14100
Gushan,Residential Building,T,E,T,F,F,F,14108
Sinsing,Office Commercial Building,F,C,F,T,F,F,14115
Lingya,Residential Building,T,F,T,T,T,F,14465
Qianzhen,Residential Building,T,A,T,F,T,F,14500
Sanmin,Residential Building,T,B,T,F,T,F,14500
Zuoying,Residential Building,T,B,T,T,T,F,14500
Qianzhen,Residential Building,T,B,T,T,T,F,14500
Qianzhen,Residential Building,T,B,T,T,T,F,14500
Sinsing,Residential Building,T,C,T,T,T,F,14500
Sinsing,Residential Building,T,C,T,T,T,F,14500
Lingya,Huaxia,T,C,T,T,T,F,14500
Lingya,Office Commercial Building,F,D,F,T,F,F,14500
Lingya,Office Commercial Building,F,D,F,T,F,F,14500
Lingya,Office Commercial Building,F,D,F,T,F,F,14500
Lingya,Office Commercial Building,F,D,F,T,T,F,14500
Lingya,Office Commercial Building,F,F,F,T,F,F,14500
Gushan,Residential Building,T,C,T,T,T,F,14594
Zuoying,Residential Building,T,B,T,T,T,F,14698
Zuoying,Residential Building,T,C,T,T,T,F,14700
Gushan,Residential Building,T,C,F,F,T,F,14941
Gushan,Residential Building,T,A,T,T,T,F,14950
Gushan,Residential Building,T,E,T,T,T,Mechanical,14992
Qianzhen,Residential Building,T,A,T,F,T,F,15000
Sanmin,Huaxia,T,A,F,T,F,F,15000
Sanmin,Townhouse,F,A,F,F,F,F,15000
Fengshan,Townhouse,F,A,T,F,F,F,15000
Sanmin,Townhouse,F,B,F,F,F,F,15000
Zuoying,Townhouse,F,B,F,F,F,F,15000
Sinsing,Townhouse,F,B,F,F,F,F,15000
Gushan,Residential Building,T,B,T,F,T,F,15000
Lingya,Huaxia,T,B,F,F,F,F,15000
Gushan,Residential Building,T,B,T,T,T,F,15000
Gushan,Residential Building,T,B,T,T,T,F,15000
Sinsing,Townhouse,F,B,T,F,T,F,15000
Sinsing,Residential Building,T,B,T,T,T,F,15000
Gushan,Townhouse,F,B,F,F,T,F,15000
Sanmin,Apartment,F,B,F,F,F,F,15000
Qianzhen,Apartment,F,B,T,F,F,F,15000
Fengshan,Huaxia,T,C,T,F,T,Flat,15000
Yancheng,Townhouse,F,C,F,F,F,F,15000
Qianzhen,Residential Building,T,C,T,T,T,F,15000
Zuoying,Residential Building,T,C,T,T,T,F,15000
Lingya,Townhouse,F,C,T,F,T,F,15000
Qianzhen,Residential Building,T,C,T,T,T,F,15000
Sanmin,Residential Building,T,C,T,F,T,F,15000
Lingya,Huaxia,T,C,T,F,F,F,15000
Qianzhen,Residential Building,T,C,T,T,T,F,15000
Qianjin,Residential Building,T,C,T,T,T,F,15000
Zuoying,Residential Building,T,C,T,T,T,F,15000
Gushan,Residential Building,T,C,T,T,T,F,15000
Qianzhen,Residential Building,T,C,T,F,F,F,15000
Qianzhen,Huaxia,T,C,T,T,T,Other,15000
Fengshan,Apartment,F,,T,F,F,F,15000
Nanzi,Residential Building,T,,T,T,T,Flat,15000
Nanzi,Residential Building,T,,T,T,T,Flat,15000
Sanmin,Townhouse,F,D,F,F,F,F,15000
Zuoying,Residential Building,T,D,T,T,T,F,15000
Qianjin,Residential Building,T,D,T,F,F,F,15000
Gushan,Residential Building,T,D,T,T,T,F,15000
Sanmin,Townhouse,F,D,T,F,T,F,15000
Gangshan,Townhouse,F,D,F,F,F,F,15000
Siaogang,Residential Building,T,D,T,F,T,F,15000
Siaogang,Residential Building,T,D,T,T,T,F,15000
Zuoying,Residential Building,T,D,T,T,T,F,15000
Siaogang,Residential Building,T,D,T,F,T,F,15000
Sinsing,Store (Shop),F,D,T,T,F,F,15000
Sinsing,Apartment,F,D,T,F,T,F,15000
Lingya,Residential Building,T,D,T,T,T,F,15000
Lingya,Office Commercial Building,F,D,F,T,F,F,15000
Sanmin,Residential Building,T,E,T,T,T,F,15000
Lingya,Townhouse,F,E,T,F,T,F,15000
Sanmin,Townhouse,F,E,T,F,F,F,15000
Qianzhen,Residential Building,T,E,T,T,T,F,15000
Qianzhen,Residential Building,T,E,T,T,T,F,15000
Qianzhen,Residential Building,T,E,T,T,T,F,15000
Sanmin,Townhouse,F,E,T,F,T,F,15000
Zuoying,Residential Building,T,E,T,T,T,F,15000
Zuoying,Residential Building,T,E,T,T,T,F,15000
Zuoying,Residential Building,T,E,T,T,T,F,15000
Sanmin,Residential Building,T,E,T,T,T,F,15000
Nanzi,Residential Building,T,E,T,T,T,F,15000
Fengshan,Townhouse,F,E,T,F,F,F,15000
Lingya,Residential Building,T,E,T,T,T,F,15000
Lingya,Residential Building,T,E,T,T,T,F,15000
Gushan,Residential Building,T,E,T,T,T,Mechanical,15000
Sanmin,Residential Building,T,E,T,T,F,F,15000
Nanzi,Residential Building,T,E,T,F,T,Flat,15000
Sanmin,Residential Building,T,E,T,T,T,F,15000
Gushan,Apartment,F,E,F,F,F,F,15000
Sanmin,Residential Building,T,E,T,T,T,F,15000
Gushan,Store (Shop),F,E,T,F,F,F,15000
Lingya,Residential Building,T,E,T,T,T,F,15000
Sinsing,Residential Building,T,E,T,T,T,F,15000
Lingya,Residential Building,T,F,T,T,T,F,15000
Lingya,Residential Building,T,F,T,T,T,F,15000
Qianzhen,Townhouse,F,F,F,F,F,F,15000
Qianzhen,Townhouse,F,F,F,F,T,F,15000
Fengshan,Residential Building,T,F,T,F,F,F,15000
Zuoying,Huaxia,T,F,T,F,T,F,15000
Gushan,Residential Building,T,F,T,T,T,F,15000
Gushan,Residential Building,T,F,T,F,F,F,15000
Sanmin,Townhouse,F,F,T,F,F,F,15000
Fengshan,Townhouse,F,F,T,F,F,F,15000
Lingya,Residential Building,T,F,T,T,T,F,15000
Lingya,Residential Building,T,F,T,T,T,F,15000
Gushan,Residential Building,T,F,T,F,T,F,15000
Nanzi,Townhouse,F,F,T,F,F,F,15000
Nanzi,Residential Building,T,F,T,T,T,Flat,15000
Daliao,Townhouse,F,F,F,F,F,F,15000
Zuoying,Residential Building,T,F,T,T,F,F,15000
Lingya,Residential Building,T,F,T,T,T,F,15000
Lingya,Townhouse,F,F,T,F,F,F,15000
Sanmin,Office Commercial Building,F,F,F,F,F,F,15000
Sanmin,Office Commercial Building,F,F,F,F,F,Mechanical,15000
Lingya,Residential Building,T,G,T,T,T,F,15000
Lingya,Residential Building,T,G,T,F,T,F,15000
Lingya,Residential Building,T,G,T,T,T,Flat,15000
Sanmin,Residential Building,T,G,T,F,T,F,15000
Sanmin,Residential Building,T,G,T,T,T,F,15000
Sanmin,Residential Building,T,G,T,T,T,F,15000
Lingya,Huaxia,T,G,T,F,F,F,15000
Qianzhen,Residential Building,T,G,T,T,T,F,15000
Qianzhen,Residential Building,T,G,T,T,T,F,15000
Sanmin,Residential Building,T,G,T,F,F,F,15000
Fengshan,Residential Building,T,G,T,T,F,F,15000
Sanmin,Residential Building,T,G,T,T,T,Flat,15000
Gushan,Residential Building,T,G,T,F,T,F,15000
Lingya,Store (Shop),F,G,T,T,F,F,15000
Qianjin,Office Commercial Building,F,G,T,T,T,F,15000
Lingya,Huaxia,T,G,T,F,T,F,15000
Gangshan,Townhouse,F,G,T,F,F,F,15000
Lingya,Store (Shop),F,G,T,T,F,F,15000
Qianzhen,Huaxia,T,G,T,T,F,F,15000
Ciaotou,Townhouse,F,H,T,F,F,F,15000
Zuoying,Residential Building,T,H,T,T,F,Flat,15000
Sanmin,Townhouse,F,H,T,F,F,F,15000
Siaogang,Huaxia,T,H,T,F,F,F,15000
Fengshan,Townhouse,F,H,T,F,F,F,15000
Fengshan,Townhouse,F,H,T,F,T,F,15000
Ciaotou,Townhouse,F,I,T,F,F,F,15000
Siaogang,Townhouse,F,I,T,F,T,F,15000
Qianzhen,Residential Building,T,I,T,F,F,F,15000
Lingya,Office Commercial Building,F,I,F,T,F,F,15000
Ciaotou,Store (Shop),F,I,T,F,T,F,15000
Sanmin,Store (Shop),F,J,T,T,F,F,15000
Zuoying,Huaxia,T,F,T,T,T,F,15090
Zuoying,Residential Building,T,B,T,T,T,F,15136
Lingya,Huaxia,T,F,T,T,T,F,15400
Qianzhen,Residential Building,T,B,T,T,T,F,15500
Qianzhen,Residential Building,T,C,T,T,T,Mechanical,15500
Gushan,Residential Building,T,,T,T,T,F,15500
Sanmin,Townhouse,F,D,T,F,F,F,15500
Gushan,Residential Building,T,D,T,T,T,Mechanical,15500
Sanmin,Residential Building,T,E,T,T,T,Flat,15500
Sanmin,Townhouse,F,F,T,F,F,F,15500
Sanmin,Residential Building,T,F,T,T,T,Mechanical,15500
Qianzhen,Residential Building,T,C,T,T,T,F,15555
Lingya,Residential Building,T,E,T,T,T,F,15556
Sanmin,Residential Building,T,F,T,T,F,Flat,15604
Sanmin,Residential Building,T,F,T,T,F,Flat,15604
Zuoying,Residential Building,T,E,T,T,T,F,15700
Zuoying,Huaxia,T,F,T,T,T,F,15800
Qianzhen,Residential Building,T,F,T,T,T,F,15831
Lingya,Apartment,F,A,T,F,T,F,16000
Sanmin,Townhouse,F,B,T,F,T,F,16000
Qianzhen,Residential Building,T,B,T,T,T,F,16000
Sanmin,Townhouse,F,B,T,F,T,F,16000
Zuoying,Residential Building,T,B,T,T,T,F,16000
Lingya,Store (Shop),F,B,F,F,F,F,16000
Lingya,Store (Shop),F,B,F,F,F,F,16000
Lingya,Residential Building,T,B,T,F,F,F,16000
Zuoying,Residential Building,T,B,T,T,T,F,16000
Qianjin,Residential Building,T,C,T,T,T,Mechanical,16000
Nanzi,Residential Building,T,C,T,T,F,Flat,16000
Sinsing,Residential Building,T,C,T,T,T,F,16000
Sanmin,Residential Building,T,C,T,T,T,F,16000
Gushan,Residential Building,T,D,T,T,T,F,16000
Fengshan,Townhouse,F,D,T,F,T,F,16000
Lingya,Office Commercial Building,F,D,F,T,F,F,16000
Lingya,Residential Building,T,D,T,T,T,F,16000
Fengshan,Residential Building,T,D,F,F,F,F,16000
Sanmin,Residential Building,T,E,T,T,T,F,16000
Zuoying,Residential Building,T,E,T,T,T,F,16000
Qianjin,Residential Building,T,E,T,F,F,F,16000
Sanmin,Residential Building,T,E,T,T,T,F,16000
Gushan,Residential Building,T,E,T,T,T,Flat,16000
Gushan,Residential Building,T,E,T,T,T,Mechanical,16000
Gushan,Residential Building,T,F,T,F,T,F,16000
Gushan,Residential Building,T,F,T,F,F,F,16000
Gushan,Residential Building,T,F,T,T,T,F,16000
Lingya,Residential Building,T,F,T,F,T,F,16000
Zuoying,Residential Building,T,F,T,T,F,F,16000
Sinsing,Residential Building,T,F,T,T,F,F,16000
Zuoying,Store (Shop),F,F,F,T,F,F,16000
Lingya,Residential Building,T,F,T,T,T,F,16000
Fengshan,Huaxia,T,G,T,T,F,F,16000
Lingya,Residential Building,T,G,T,T,T,F,16000
Fengshan,Residential Building,T,G,T,T,F,F,16000
Zuoying,Residential Building,T,G,T,T,F,Mechanical,16000
Lingya,Residential Building,T,G,T,T,T,Flat,16000
Gushan,Residential Building,T,G,T,T,F,F,16000
Sinsing,Office Commercial Building,F,G,F,T,F,Flat,16000
Sanmin,Residential Building,T,G,T,T,T,F,16000
Sanmin,Residential Building,T,G,T,T,T,Flat,16000
Sinsing,Residential Building,T,G,T,T,F,F,16000
Sinsing,Residential Building,T,G,T,T,T,F,16000
Cishan,Townhouse,F,G,T,F,F,F,16000
Lingya,Residential Building,T,G,T,T,T,F,16000
Gangshan,Residential Building,T,G,F,F,T,F,16000
Qianzhen,Residential Building,T,G,T,F,T,F,16000
Lingya,Residential Building,T,G,T,T,T,F,16000
Nanzi,Huaxia,T,G,T,F,T,F,16000
Lingya,Store (Shop),F,G,T,T,F,F,16000
Nanzi,Residential Building,T,G,T,T,F,Flat,16000
Sanmin,Residential Building,T,H,T,T,T,F,16000
Lingya,Residential Building,T,H,T,F,T,F,16000
Gushan,Residential Building,T,H,T,T,T,F,16000
Qianzhen,Townhouse,F,H,T,F,T,F,16000
Sanmin,Huaxia,T,I,T,T,F,F,16000
Renwu,Townhouse,F,I,T,F,T,F,16000
Gushan,Store (Shop),F,I,T,F,T,F,16000
Lingya,Residential Building,T,C,T,T,T,F,16140
Lingya,Residential Building,T,A,T,F,T,F,16500
Zuoying,Residential Building,T,B,T,T,T,F,16500
Gushan,Residential Building,T,C,T,T,T,Flat,16500
Gushan,Residential Building,T,C,T,T,T,F,16500
Gushan,Residential Building,T,C,T,T,T,F,16500
Gushan,Residential Building,T,D,T,F,T,F,16500
Zuoying,Residential Building,T,D,T,T,T,F,16500
Gushan,Residential Building,T,E,T,T,T,F,16500
Sanmin,Apartment,F,E,T,F,T,F,16500
Qianjin,Residential Building,T,F,T,T,T,F,16500
Fengshan,Residential Building,T,G,T,T,T,F,16500
Lingya,Townhouse,F,H,T,F,F,F,16500
Gushan,Residential Building,T,G,T,T,T,F,16600
Zuoying,Residential Building,T,C,T,T,T,F,16666
Qianzhen,Residential Building,T,F,T,F,T,F,16667
Lingya,Townhouse,F,B,F,F,F,F,16800
Ciaotou,Townhouse,F,I,T,F,F,F,16800
Lingya,Store (Shop),F,A,F,F,F,F,17000
Qianzhen,Residential Building,T,B,T,T,T,F,17000
Dashe,Townhouse,F,B,F,F,F,F,17000
Qianzhen,Townhouse,F,B,F,F,F,F,17000
Zuoying,Store (Shop),F,B,T,F,F,F,17000
Qianzhen,Residential Building,T,B,T,T,T,F,17000
Sanmin,Residential Building,T,C,T,T,T,F,17000
Qianzhen,Residential Building,T,C,T,T,T,F,17000
Gushan,Residential Building,T,C,T,T,T,F,17000
Gushan,Residential Building,T,C,T,T,T,Mechanical,17000
Gushan,Townhouse,F,C,F,F,F,F,17000
Zuoying,Residential Building,T,C,T,T,T,F,17000
Qianzhen,Residential Building,T,C,T,T,T,F,17000
Gushan,Residential Building,T,C,T,T,T,F,17000
Zuoying,Residential Building,T,C,T,T,T,F,17000
Gushan,Residential Building,T,C,T,T,T,Flat,17000
Gushan,Store (Shop),F,,F,F,T,F,17000
Zuoying,Residential Building,T,D,T,T,T,F,17000
Qianjin,Residential Building,T,D,T,T,T,F,17000
Sanmin,Residential Building,T,D,T,F,T,Mechanical,17000
Qianzhen,Residential Building,T,D,T,T,T,F,17000
Gushan,Residential Building,T,D,T,T,T,Flat,17000
Gushan,Residential Building,T,D,T,T,T,F,17000
Gushan,Apartment,F,D,T,F,F,F,17000
Qianzhen,Residential Building,T,E,T,T,T,Mechanical,17000
Sanmin,Apartment,F,E,T,F,F,F,17000
Zuoying,Residential Building,T,E,T,T,T,Mechanical,17000
Sinsing,Office Commercial Building,F,E,F,F,T,F,17000
Sanmin,Residential Building,T,E,T,T,T,F,17000
Sinsing,Apartment,F,E,T,F,F,F,17000
Sanmin,Residential Building,T,E,T,T,T,F,17000
Zuoying,Residential Building,T,E,T,T,T,F,17000
Zuoying,Townhouse,F,E,F,F,F,F,17000
Zuoying,Residential Building,T,E,T,T,T,F,17000
Zuoying,Residential Building,T,E,T,T,T,Mechanical,17000
Qianzhen,Residential Building,T,E,T,T,T,F,17000
Sanmin,Residential Building,T,F,F,T,F,F,17000
Zuoying,Residential Building,T,F,T,T,T,Flat,17000
Zuoying,Residential Building,T,F,T,T,T,Mechanical,17000
Gushan,Residential Building,T,F,T,T,F,Flat,17000
Nanzi,Residential Building,T,G,T,T,T,Flat,17000
Nanzi,Residential Building,T,G,T,T,T,F,17000
Lingya,Residential Building,T,G,T,T,T,F,17000
Qianzhen,Townhouse,F,G,T,F,T,Flat,17000
Qianzhen,Residential Building,T,G,T,F,F,F,17000
Fengshan,Residential Building,T,G,T,F,T,F,17000
Sanmin,Townhouse,F,G,T,F,F,F,17000
Lingya,Townhouse,F,G,T,F,F,F,17000
Lingya,Residential Building,T,H,T,F,F,F,17000
Zuoying,Residential Building,T,H,T,T,F,F,17000
Qianzhen,Townhouse,F,H,T,F,F,F,17000
Sanmin,Residential Building,T,H,T,T,F,F,17000
Sinsing,Residential Building,T,I,T,T,T,Flat,17000
Yancheng,Residential Building,T,I,T,T,T,Mechanical,17000
Yancheng,Residential Building,T,I,T,T,T,Mechanical,17000
Siaogang,Townhouse,F,I,T,F,F,F,17000
Fengshan,Residential Building,T,G,T,T,F,F,17160
Niaosong,Townhouse,F,B,T,F,T,F,17500
Zuoying,Residential Building,T,C,T,T,T,F,17500
Gushan,Residential Building,T,E,T,T,T,Mechanical,17500
Sanmin,Office Commercial Building,F,F,F,T,T,Mechanical,17500
Sanmin,Office Commercial Building,F,F,F,T,F,Mechanical,17500
Daliao,Townhouse,F,H,T,F,T,F,17500
Fengshan,Store (Shop),F,I,T,F,F,F,17500
Gushan,Residential Building,T,D,T,F,T,F,17600
Zuoying,Residential Building,T,G,T,T,T,F,17600
Qianjin,Residential Building,T,F,T,T,F,Mechanical,17655
Qianjin,Residential Building,T,C,T,T,T,F,17700
Gushan,Huaxia,T,D,T,T,T,Mechanical,17777
Qianzhen,Residential Building,T,D,T,T,T,F,17975
Lingya,Residential Building,T,C,T,T,T,F,17996
Qianzhen,Residential Building,T,A,F,F,F,F,18000
Sanmin,Store (Shop),F,A,T,F,F,F,18000
Qianzhen,Townhouse,F,A,F,F,F,F,18000
Zuoying,Townhouse,F,A,F,F,T,F,18000
Renwu,Townhouse,F,A,T,F,F,F,18000
Qianzhen,Residential Building,T,B,T,T,T,F,18000
Qianjin,Residential Building,T,B,T,F,T,F,18000
Sanmin,Townhouse,F,B,T,F,F,F,18000
Sinsing,Townhouse,F,B,F,F,T,F,18000
Sanmin,Townhouse,F,B,T,F,T,F,18000
Sanmin,Townhouse,F,B,F,F,F,F,18000
Gangshan,Townhouse,F,B,T,F,F,F,18000
Lingya,Townhouse,F,B,F,F,F,F,18000
Zuoying,Residential Building,T,B,T,F,F,F,18000
Siaogang,Townhouse,F,B,T,F,F,F,18000
Qianzhen,Residential Building,T,B,T,T,T,F,18000
Zuoying,Residential Building,T,B,F,T,F,F,18000
Sanmin,Townhouse,F,C,F,F,F,F,18000
Gangshan,Townhouse,F,C,T,F,T,F,18000
Sanmin,Residential Building,T,C,T,T,T,F,18000
Gushan,Residential Building,T,C,T,T,T,F,18000
Qianzhen,Residential Building,T,C,T,T,T,F,18000
Qianzhen,Huaxia,T,C,T,T,T,Flat,18000
Gushan,Residential Building,T,C,T,T,T,F,18000
Zuoying,Residential Building,T,C,T,F,T,F,18000
Zuoying,Residential Building,T,C,T,T,T,F,18000
Zuoying,Residential Building,T,C,T,T,T,F,18000
Zuoying,Residential Building,T,C,T,T,T,F,18000
Zuoying,Residential Building,T,C,T,T,T,F,18000
Zuoying,Residential Building,T,C,T,T,T,F,18000
Daliao,Residential Building,T,C,F,T,F,F,18000
Lingya,Townhouse,F,C,F,F,F,F,18000
Lingya,Townhouse,F,C,F,F,F,F,18000
Sanmin,Townhouse,F,D,T,F,T,F,18000
Gushan,Residential Building,T,D,T,T,T,Flat,18000
Sanmin,Residential Building,T,D,T,T,F,Flat,18000
Lingya,Store (Shop),F,D,T,F,F,F,18000
Qianjin,Residential Building,T,D,T,T,T,F,18000
Zuoying,Residential Building,T,D,T,T,T,F,18000
Sanmin,Store (Shop),F,D,T,F,F,F,18000
Gushan,Townhouse,F,D,F,F,T,F,18000
Lingya,Apartment,F,D,T,F,F,F,18000
Sanmin,Residential Building,T,D,T,F,T,Flat,18000
Fengshan,Store (Shop),F,D,T,F,F,F,18000
Sinsing,Townhouse,F,D,T,F,F,F,18000
Sinsing,Townhouse,F,D,T,F,F,F,18000
Gushan,Residential Building,T,D,T,T,T,F,18000
Qianzhen,Residential Building,T,E,T,T,T,F,18000
Sanmin,Townhouse,F,E,F,F,T,F,18000
Renwu,Townhouse,F,E,T,F,T,F,18000
Sanmin,Townhouse,F,E,T,F,T,F,18000
Fengshan,Townhouse,F,E,T,F,T,F,18000
Sanmin,Store (Shop),F,E,T,T,T,F,18000
Zuoying,Store (Shop),F,E,T,F,F,F,18000
Zuoying,Residential Building,T,E,T,T,T,F,18000
Zuoying,Residential Building,T,E,T,T,T,Flat,18000
Gushan,Residential Building,T,E,T,F,T,F,18000
Zuoying,Residential Building,T,E,T,T,T,F,18000
Qianjin,Store (Shop),F,E,F,F,T,F,18000
Zuoying,Residential Building,T,E,T,T,T,F,18000
Gangshan,Townhouse,F,E,T,F,T,F,18000
Sanmin,Townhouse,F,E,T,F,F,F,18000
Sanmin,Townhouse,F,E,T,F,F,F,18000
Gushan,Residential Building,T,E,T,T,T,F,18000
Gushan,Residential Building,T,F,T,F,T,F,18000
Zuoying,Residential Building,T,F,T,F,T,F,18000
Lingya,Store (Shop),F,F,F,F,F,F,18000
Zuoying,Huaxia,T,F,T,F,T,F,18000
Siaogang,Townhouse,F,F,F,F,F,F,18000
Qianzhen,Residential Building,T,F,T,T,T,F,18000
Siaogang,Townhouse,F,F,T,F,T,F,18000
Zuoying,Residential Building,T,F,T,T,T,Flat,18000
Qianzhen,Residential Building,T,F,T,F,F,F,18000
Siaogang,Store (Shop),F,F,T,F,T,F,18000
Lingya,Residential Building,T,F,T,T,T,F,18000
Zuoying,Store (Shop),F,G,F,F,F,F,18000
Gushan,Residential Building,T,G,T,F,T,F,18000
Gushan,Residential Building,T,G,F,F,T,F,18000
Gushan,Residential Building,T,G,T,T,F,Flat,18000
Sanmin,Townhouse,F,G,T,F,F,F,18000
Lingya,Townhouse,F,G,T,F,T,F,18000
Sinsing,Office Commercial Building,F,G,T,T,T,F,18000
Sanmin,Residential Building,T,G,T,T,F,F,18000
Fengshan,Townhouse,F,G,T,F,F,F,18000
Zuoying,Residential Building,T,G,T,T,F,F,18000
Sinsing,Office Commercial Building,F,G,T,F,F,F,18000
Gangshan,Store (Shop),F,H,T,F,T,F,18000
Gushan,Townhouse,F,H,T,F,F,F,18000
Lingya,Office Commercial Building,F,H,F,T,F,F,18000
Nanzi,Townhouse,F,H,T,F,F,F,18000
Lingya,Residential Building,T,H,T,T,F,F,18000
Nanzi,Residential Building,T,H,T,F,F,F,18000
Renwu,Townhouse,F,H,T,F,T,F,18000
Zuoying,Residential Building,T,H,T,T,F,F,18000
Gushan,Residential Building,T,H,T,T,F,Flat,18000
Qianzhen,Residential Building,T,H,T,T,T,Flat,18000
Sanmin,Townhouse,F,H,T,F,T,F,18000
Lingya,Townhouse,F,H,F,F,F,F,18000
Sinsing,Residential Building,T,H,T,T,F,Flat,18000
Lingya,Store (Shop),F,H,T,T,F,F,18000
Sanmin,Office Commercial Building,F,H,T,T,T,Flat,18000
Zuoying,Townhouse,F,I,T,F,F,F,18000
Siaogang,Residential Building,T,I,T,T,T,Flat,18000
Lingya,Store (Shop),F,I,T,F,F,F,18000
Zuoying,Residential Building,T,I,T,T,T,Flat,18000
Nanzi,Townhouse,F,I,T,F,T,F,18000
Cishan,Store (Shop),F,I,T,F,F,F,18000
Fengshan,Townhouse,F,I,F,F,F,F,18000
Lingya,Residential Building,T,I,T,T,F,F,18000
Siaogang,Store (Shop),F,I,T,T,F,F,18000
Ciaotou,Store (Shop),F,I,T,F,T,F,18000
Lingya,Office Commercial Building,F,I,F,T,F,F,18000
Sanmin,Residential Building,T,J,T,T,F,F,18000
Qianzhen,Residential Building,T,G,T,T,T,F,18127
Niaosong,Townhouse,F,J,T,F,T,F,18333
Qianzhen,Residential Building,T,H,T,T,T,F,18338
Lingya,Residential Building,T,E,T,T,T,F,18500
Zuoying,Residential Building,T,F,T,T,T,F,18500
Qianjin,Office Commercial Building,F,G,F,F,F,F,18500
Qianjin,Residential Building,T,I,T,T,T,F,18700
Sanmin,Residential Building,T,I,T,T,F,F,18700
Lingya,Store (Shop),F,H,T,T,F,F,18765
Lingya,Store (Shop),F,G,T,F,T,F,18889
Zuoying,Residential Building,T,C,T,F,F,F,18970
Renwu,Store (Shop),F,A,T,F,F,F,19000
Zuoying,Townhouse,F,B,F,F,F,F,19000
Gushan,Store (Shop),F,B,F,F,F,F,19000
Sanmin,Residential Building,T,B,F,F,F,F,19000
Sanmin,Townhouse,F,B,T,F,F,F,19000
Zuoying,Residential Building,T,C,T,T,T,F,19000
Lingya,Residential Building,T,C,T,T,T,F,19000
Lingya,Townhouse,F,C,F,F,T,F,19000
Sanmin,Townhouse,F,C,F,F,T,F,19000
Qianjin,Residential Building,T,C,T,T,T,F,19000
Zuoying,Residential Building,T,D,F,F,T,F,19000
Lingya,Residential Building,T,D,T,T,T,F,19000
Sinsing,Residential Building,T,D,T,T,T,Other,19000
Fengshan,Residential Building,T,D,F,T,F,F,19000
Lingya,Residential Building,T,D,T,F,T,Mechanical,19000
Lingya,Residential Building,T,D,T,T,T,F,19000
Sanmin,Residential Building,T,D,T,F,T,F,19000
Gushan,Residential Building,T,D,T,T,T,Mechanical,19000
Nanzi,Store (Shop),F,E,T,F,F,F,19000
Gushan,Residential Building,T,E,T,T,T,Flat,19000
Qianzhen,Residential Building,T,E,T,F,T,F,19000
Zuoying,Residential Building,T,E,T,T,T,Mechanical,19000
Gushan,Residential Building,T,E,T,T,T,Mechanical,19000
Gangshan,Store (Shop),F,E,T,F,F,F,19000
Nanzi,Store (Shop),F,E,T,F,F,F,19000
Qianjin,Townhouse,F,F,F,F,F,F,19000
Gushan,Residential Building,T,F,T,F,T,Flat,19000
Nanzi,Residential Building,T,F,T,F,T,Mechanical,19000
Lingya,Residential Building,T,F,T,T,T,Flat,19000
Lingya,Residential Building,T,F,T,T,T,F,19000
Zuoying,Residential Building,T,G,T,F,T,F,19000
Dashe,Store (Shop),F,G,T,F,F,F,19000
Zuoying,Residential Building,T,H,T,T,F,F,19000
Lingya,Huaxia,T,H,T,F,T,F,19000
Gushan,Residential Building,T,H,T,T,T,Flat,19000
Qianzhen,Residential Building,T,H,T,T,T,Flat,19000
Nanzi,Residential Building,T,I,T,F,F,F,19000
Gangshan,Huaxia,T,J,T,F,F,F,19000
Zuoying,Residential Building,T,E,T,T,T,F,19390
Sanmin,Residential Building,T,C,T,T,T,Mechanical,19500
Lingya,Residential Building,T,E,T,T,T,Flat,19500
Gushan,Residential Building,T,G,T,T,T,F,19500
Zuoying,Residential Building,T,H,T,T,T,F,19750
Sanmin,Townhouse,F,B,F,F,F,F,19900
Gushan,Residential Building,T,F,T,T,T,F,19900
Zuoying,Residential Building,T,F,T,T,F,F,19900
Lingya,Office Commercial Building,F,H,F,T,F,F,19900
Nanzi,Townhouse,F,H,T,F,F,F,19985
Lingya,Office Commercial Building,F,H,F,F,F,F,19990
Qianzhen,Residential Building,T,C,T,T,T,F,19999
Qianzhen,Office Commercial Building,F,G,F,T,F,Mechanical,19999
Qianzhen,Office Commercial Building,F,G,F,T,F,Mechanical,19999
Fengshan,Store (Shop),F,A,F,F,F,F,20000
Gushan,Residential Building,T,A,T,T,T,F,20000
Sanmin,Townhouse,F,A,F,F,T,F,20000
Gushan,Residential Building,T,B,T,F,T,F,20000
Zuoying,Residential Building,T,B,T,T,T,F,20000
Zuoying,Store (Shop),F,B,T,F,T,F,20000
Lingya,Townhouse,F,B,F,F,F,F,20000
Sinsing,Residential Building,T,B,F,T,F,F,20000
Sanmin,Store (Shop),F,B,T,F,F,F,20000
Lingya,Townhouse,F,B,F,F,F,F,20000
Lingya,Townhouse,F,B,F,F,F,F,20000
Sinsing,Huaxia,T,B,F,F,F,F,20000
Lingya,Townhouse,F,C,T,F,F,F,20000
Lingya,Residential Building,T,C,T,F,T,F,20000
Qianzhen,Residential Building,T,C,T,F,T,F,20000
Qianzhen,Residential Building,T,C,T,T,T,F,20000
Qianzhen,Residential Building,T,C,T,T,T,F,20000
Qianjin,Residential Building,T,C,T,T,T,F,20000
Qianzhen,Residential Building,T,C,T,F,T,F,20000
Sanmin,Residential Building,T,C,T,T,T,F,20000
Sinsing,Residential Building,T,C,T,T,T,F,20000
Sinsing,Residential Building,T,C,T,T,T,F,20000
Gushan,Residential Building,T,C,T,T,T,Flat,20000
Sinsing,Residential Building,T,C,T,T,T,F,20000
Zuoying,Residential Building,T,C,T,T,T,F,20000
Zuoying,Residential Building,T,C,T,F,T,F,20000
Zuoying,Residential Building,T,C,T,T,T,F,20000
Sanmin,Townhouse,F,D,T,F,F,F,20000
Qianjin,Apartment,F,D,T,F,F,F,20000
Zuoying,Residential Building,T,D,T,T,T,Mechanical,20000
Qianjin,Residential Building,T,D,T,T,T,F,20000
Gushan,Residential Building,T,D,T,T,T,Flat,20000
Zuoying,Residential Building,T,D,T,F,T,Flat,20000
Qianzhen,Store (Shop),F,D,F,T,F,F,20000
Sinsing,Residential Building,T,D,T,T,T,F,20000
Lingya,Store (Shop),F,D,F,F,F,F,20000
Lingya,Residential Building,T,D,T,T,T,Flat,20000
Sanmin,Townhouse,F,D,T,F,F,F,20000
Qianzhen,Residential Building,T,D,T,T,T,F,20000
Zuoying,Residential Building,T,E,T,T,T,F,20000
Sinsing,Townhouse,F,E,F,F,F,F,20000
Qianjin,Huaxia,T,E,F,F,F,F,20000
Gushan,Townhouse,F,E,T,F,F,F,20000
Zuoying,Residential Building,T,E,T,T,T,F,20000
Sanmin,Residential Building,T,E,T,F,T,F,20000
Zuoying,Residential Building,T,E,T,T,T,F,20000
Zuoying,Residential Building,T,E,T,T,T,F,20000
Qianjin,Huaxia,T,E,T,F,T,F,20000
Sanmin,Townhouse,F,E,T,F,F,F,20000
Gushan,Residential Building,T,E,T,T,T,F,20000
Qianzhen,Residential Building,T,E,T,T,T,F,20000
Sanmin,Apartment,F,F,T,F,T,F,20000
Gushan,Residential Building,T,F,T,T,T,Mechanical,20000
Lingya,Huaxia,T,F,F,F,T,F,20000
Lingya,Store (Shop),F,F,F,F,T,F,20000
Sanmin,Townhouse,F,F,T,F,F,F,20000
Sanmin,Townhouse,F,F,T,F,F,F,20000
Gushan,Residential Building,T,F,T,T,T,Mechanical,20000
Sinsing,Store (Shop),F,F,F,F,F,F,20000
Yancheng,Townhouse,F,F,F,F,F,F,20000
Sanmin,Residential Building,T,F,T,F,T,F,20000
Zuoying,Huaxia,T,F,T,T,T,Flat,20000
Zuoying,Residential Building,T,F,T,T,T,F,20000
Sinsing,Residential Building,T,F,T,F,T,F,20000
Qianzhen,Residential Building,T,F,T,T,T,F,20000
Qianzhen,Residential Building,T,F,T,T,T,Flat,20000
Zuoying,Residential Building,T,F,T,T,T,F,20000
Sanmin,Residential Building,T,F,T,T,T,Flat,20000
Lingya,Residential Building,T,F,T,T,T,F,20000
Zuoying,Huaxia,T,G,F,F,T,F,20000
Zuoying,Residential Building,T,G,T,T,F,F,20000
Nanzi,Residential Building,T,G,T,T,T,Mechanical,20000
Qianzhen,Residential Building,T,G,T,F,T,Flat,20000
Lingya,Townhouse,F,G,F,F,T,F,20000
Qianzhen,Townhouse,F,G,T,F,F,F,20000
Sanmin,Residential Building,T,G,T,T,T,F,20000
Qianzhen,Residential Building,T,G,T,T,T,Mechanical,20000
Gushan,Residential Building,T,G,T,T,T,Mechanical,20000
Lingya,Townhouse,F,G,T,F,T,F,20000
Sanmin,Townhouse,F,G,T,F,F,F,20000
Sanmin,Residential Building,T,G,T,F,T,F,20000
Siaogang,Store (Shop),F,G,T,F,F,F,20000
Gangshan,Store (Shop),F,G,T,F,T,F,20000
Sinsing,Store (Shop),F,G,T,F,F,F,20000
Fengshan,Residential Building,T,G,T,T,T,Flat,20000
Sanmin,Office Commercial Building,F,G,F,T,F,Mechanical,20000
Lingya,Residential Building,T,G,T,T,T,Flat,20000
Renwu,Townhouse,F,H,T,F,F,F,20000
Sanmin,Store (Shop),F,H,F,T,F,F,20000
Qianzhen,Residential Building,T,H,T,T,T,Flat,20000
Yancheng,Residential Building,T,H,T,F,T,F,20000
Fengshan,Townhouse,F,H,T,F,T,F,20000
Fengshan,Townhouse,F,H,F,F,F,F,20000
Fengshan,Townhouse,F,H,F,F,F,F,20000
Qianzhen,Townhouse,F,H,F,F,F,F,20000
Renwu,Townhouse,F,H,T,F,T,F,20000
Fengshan,Store (Shop),F,H,T,T,F,F,20000
Cishan,Townhouse,F,H,T,F,T,F,20000
Sanmin,Office Commercial Building,F,H,F,T,F,F,20000
Nanzi,Townhouse,F,H,T,F,T,F,20000
Gushan,Residential Building,T,H,T,T,T,Flat,20000
Sanmin,Townhouse,F,H,T,F,F,F,20000
Sanmin,Townhouse,F,H,T,F,F,F,20000
Fengshan,Store (Shop),F,H,T,F,T,F,20000
Ciaotou,Store (Shop),F,H,T,F,F,F,20000
Sanmin,Townhouse,F,H,T,F,F,F,20000
Fengshan,Townhouse,F,I,T,F,F,F,20000
Zuoying,Huaxia,T,I,T,F,F,F,20000
Gushan,Townhouse,F,I,T,F,F,F,20000
Lingya,Residential Building,T,I,T,T,T,F,20000
Niaosong,Townhouse,F,I,T,F,F,F,20000
Nanzi,Residential Building,T,I,T,F,F,F,20000
Zuoying,Residential Building,T,I,T,T,T,F,20000
Sanmin,Townhouse,F,I,T,F,T,F,20000
Fengshan,Store (Shop),F,I,F,F,F,F,20000
Sanmin,Townhouse,F,I,T,F,F,F,20000
Lingya,Residential Building,T,J,T,T,T,F,20000
Siaogang,Townhouse,F,J,T,F,T,F,20000
Gushan,Residential Building,T,J,T,F,T,F,20000
Lingya,Office Commercial Building,F,J,T,T,T,F,20000
Qianzhen,Residential Building,T,F,T,T,T,Mechanical,20500
Sinsing,Residential Building,T,D,T,T,T,F,20800
Qianzhen,Residential Building,T,A,T,T,T,F,21000
Sanmin,Store (Shop),F,A,F,F,F,F,21000
Qianzhen,Townhouse,F,B,T,F,T,F,21000
Lingya,Residential Building,T,B,T,F,T,Mechanical,21000
Lingya,Townhouse,F,B,F,F,F,F,21000
Sanmin,Residential Building,T,C,T,T,T,F,21000
Zuoying,Residential Building,T,C,T,T,T,F,21000
Qianzhen,Residential Building,T,D,T,T,T,F,21000
Zuoying,Residential Building,T,F,T,F,T,Mechanical,21000
Zuoying,Residential Building,T,F,T,T,T,Mechanical,21000
Lingya,Residential Building,T,F,T,T,T,Mechanical,21000
Sinsing,Townhouse,F,F,F,F,T,F,21000
Gushan,Residential Building,T,F,T,T,T,Mechanical,21000
Qianzhen,Residential Building,T,G,T,T,T,Mechanical,21000
Sanmin,Residential Building,T,G,T,T,T,Flat,21000
Qianzhen,Residential Building,T,G,T,T,T,F,21000
Qianzhen,Residential Building,T,G,T,T,T,Flat,21000
Gushan,Residential Building,T,G,T,T,T,F,21000
Gushan,Residential Building,T,G,T,T,T,F,21000
Lingya,Residential Building,T,G,T,T,T,F,21000
Sinsing,Residential Building,T,H,T,T,T,F,21000
Fengshan,Townhouse,F,H,F,F,F,F,21000
Nanzi,Townhouse,F,I,T,F,F,F,21000
Zuoying,Residential Building,T,I,T,T,T,Flat,21000
Lingya,Residential Building,T,I,T,T,T,F,21000
Zuoying,Residential Building,T,I,T,T,T,Flat,21000
Sanmin,Townhouse,F,J,T,F,T,F,21000
Gushan,Residential Building,T,I,T,F,T,F,21400
Zuoying,Residential Building,T,E,T,T,T,F,21500
Qianzhen,Residential Building,T,F,F,T,F,F,21500
Sanmin,Townhouse,F,B,F,F,F,F,22000
Qianzhen,Residential Building,T,B,T,T,T,F,22000
Fengshan,Huaxia,T,C,F,T,T,F,22000
Sinsing,Residential Building,T,C,T,F,T,F,22000
Sinsing,Residential Building,T,C,T,T,T,F,22000
Gushan,Residential Building,T,C,T,F,T,F,22000
Zuoying,Residential Building,T,C,T,T,T,F,22000
Zuoying,Residential Building,T,C,T,F,T,F,22000
Zuoying,Residential Building,T,D,T,T,T,F,22000
Sanmin,Apartment,F,D,T,F,F,F,22000
Qianzhen,Residential Building,T,D,T,T,T,F,22000
Zuoying,Residential Building,T,E,T,T,T,F,22000
Sinsing,Residential Building,T,E,T,T,T,Flat,22000
Qianzhen,Residential Building,T,E,T,T,T,F,22000
Zuoying,Residential Building,T,E,T,T,T,F,22000
Zuoying,Residential Building,T,E,T,T,T,F,22000
Zuoying,Store (Shop),F,E,T,F,F,F,22000
Qianzhen,Residential Building,T,E,T,T,T,Flat,22000
Gushan,Residential Building,T,E,T,F,T,Mechanical,22000
Lingya,Residential Building,T,E,T,T,F,F,22000
Gushan,Residential Building,T,F,T,T,T,F,22000
Gushan,Residential Building,T,F,T,T,T,Flat,22000
Sinsing,Residential Building,T,F,T,T,T,F,22000
Zuoying,Store (Shop),F,F,T,F,F,F,22000
Gushan,Residential Building,T,F,T,T,T,F,22000
Zuoying,Residential Building,T,F,T,T,F,F,22000
Gushan,Residential Building,T,F,T,F,T,Flat,22000
Qianzhen,Residential Building,T,F,T,F,F,F,22000
Gushan,Residential Building,T,G,T,T,T,F,22000
Zuoying,Residential Building,T,G,T,T,T,Flat,22000
Sanmin,Residential Building,T,G,T,T,T,F,22000
Qianzhen,Residential Building,T,G,T,T,T,F,22000
Siaogang,Townhouse,F,G,T,F,F,F,22000
Siaogang,Townhouse,F,G,T,F,F,F,22000
Zuoying,Store (Shop),F,G,T,F,T,F,22000
Fengshan,Residential Building,T,G,T,F,F,F,22000
Zuoying,Store (Shop),F,H,T,F,F,F,22000
Gushan,Residential Building,T,H,F,F,F,F,22000
Zuoying,Residential Building,T,H,T,T,T,Flat,22000
Sinsing,Office Commercial Building,F,I,F,T,F,F,22000
Fengshan,Townhouse,F,I,T,F,T,F,22000
Qianzhen,Townhouse,F,I,T,F,F,F,22000
Zuoying,Residential Building,T,I,T,T,T,F,22000
Ciaotou,Townhouse,F,I,T,F,T,F,22000
Lingya,Townhouse,F,I,T,F,F,F,22000
Fengshan,Huaxia,T,J,T,T,F,F,22000
Daliao,Store (Shop),F,J,T,F,F,F,22000
Gushan,Office Commercial Building,F,J,T,T,T,Flat,22000
Zuoying,Residential Building,T,F,T,T,T,Flat,22190
Qianjin,Residential Building,T,C,T,T,T,F,22222
Zuoying,Residential Building,T,H,T,T,T,F,22222
Zuoying,Residential Building,T,H,T,F,T,Flat,22555
Gushan,Residential Building,T,F,T,F,T,Flat,22600
Lingya,Residential Building,T,D,T,F,T,F,22700
Sinsing,Townhouse,F,B,T,F,T,F,23000
Qianzhen,Townhouse,F,B,T,F,F,F,23000
Siaogang,Townhouse,F,B,T,F,T,F,23000
Gangshan,Residential Building,T,C,F,T,F,F,23000
Sinsing,Residential Building,T,C,T,T,T,F,23000
Zuoying,Residential Building,T,C,T,T,T,F,23000
Qianzhen,Residential Building,T,D,T,T,T,F,23000
Zuoying,Residential Building,T,D,T,T,T,F,23000
Zuoying,Residential Building,T,D,T,T,T,F,23000
Gushan,Residential Building,T,D,T,T,T,F,23000
Fengshan,Store (Shop),F,D,F,F,F,F,23000
Zuoying,Residential Building,T,E,T,T,T,F,23000
Sinsing,Residential Building,T,E,T,T,T,Flat,23000
Gangshan,Store (Shop),F,E,T,F,F,F,23000
Zuoying,Residential Building,T,E,T,T,T,F,23000
Qianzhen,Residential Building,T,F,T,T,T,Flat,23000
Sanmin,Townhouse,F,F,T,F,T,F,23000
Gushan,Residential Building,T,F,T,T,T,Flat,23000
Yancheng,Residential Building,T,F,T,T,T,Mechanical,23000
Zuoying,Residential Building,T,F,T,T,T,Mechanical,23000
Sanmin,Residential Building,T,F,T,T,T,F,23000
Qianjin,Residential Building,T,F,T,T,T,F,23000
Qianzhen,Residential Building,T,F,T,T,T,Flat,23000
Sanmin,Residential Building,T,G,T,T,T,Flat,23000
Qianjin,Huaxia,T,G,F,T,F,F,23000
Zuoying,Store (Shop),F,G,T,T,F,F,23000
Qianzhen,Residential Building,T,G,T,T,T,F,23000
Qianzhen,Residential Building,T,G,T,T,F,Flat,23000
Sanmin,Residential Building,T,G,T,F,F,F,23000
Qianzhen,Townhouse,F,G,F,F,F,F,23000
Nanzi,Residential Building,T,G,T,T,T,Flat,23000
Renwu,Townhouse,F,H,F,F,F,F,23000
Lingya,Huaxia,T,H,T,T,F,F,23000
Qianzhen,Residential Building,T,H,T,T,T,F,23000
Sinsing,Office Commercial Building,F,H,T,T,F,F,23000
Lingya,Townhouse,F,H,T,F,F,F,23000
Sinsing,Residential Building,T,D,T,F,T,F,23500
Qianzhen,Residential Building,T,D,T,T,T,F,23500
Sanmin,Townhouse,F,E,T,F,F,F,23500
Gushan,Residential Building,T,E,T,F,T,Mechanical,23500
Zuoying,Townhouse,F,I,T,F,T,F,23500
Zuoying,Residential Building,T,C,T,T,T,F,24000
Lingya,Residential Building,T,C,T,T,T,F,24000
Lingya,Residential Building,T,E,T,T,T,F,24000
Zuoying,Residential Building,T,E,T,T,T,Flat,24000
Zuoying,Residential Building,T,E,T,T,T,F,24000
Gushan,Residential Building,T,E,T,T,T,Mechanical,24000
Qianzhen,Residential Building,T,F,T,T,T,Flat,24000
Lingya,Huaxia,T,F,F,F,F,F,24000
Zuoying,Store (Shop),F,F,T,T,F,F,24000
Zuoying,Residential Building,T,F,T,T,T,Flat,24000
Zuoying,Townhouse,F,F,F,F,T,F,24000
Qianzhen,Residential Building,T,G,T,T,T,Flat,24000
Sanmin,Store (Shop),F,H,T,F,F,F,24000
Gushan,Store (Shop),F,H,T,T,T,Flat,24000
Zuoying,Residential Building,T,H,T,T,T,F,24000
Lingya,Huaxia,T,H,T,F,T,F,24000
Sanmin,Residential Building,T,I,T,T,T,Flat,24000
Sanmin,Store (Shop),F,I,T,F,F,F,24000
Zuoying,Residential Building,T,D,F,F,F,F,24200
Zuoying,Residential Building,T,D,F,F,F,F,24200
Qianzhen,Residential Building,T,D,T,T,T,F,24444
Zuoying,Residential Building,T,E,T,T,T,F,24500
Sanmin,Residential Building,T,I,F,T,T,F,24500
Gushan,Residential Building,T,C,T,F,T,F,24600
Gushan,Apartment,F,A,T,F,T,F,25000
Lingya,Townhouse,F,A,F,F,F,F,25000
Lingya,Townhouse,F,A,F,F,F,F,25000
Fengshan,Townhouse,F,A,F,F,F,F,25000
Sanmin,Store (Shop),F,B,T,F,F,F,25000
Fengshan,Huaxia,T,B,T,F,T,F,25000
Siaogang,Store (Shop),F,B,F,F,F,F,25000
Lingya,Store (Shop),F,B,T,F,T,F,25000
Dashe,Townhouse,F,B,T,F,T,F,25000
Gushan,Store (Shop),F,D,T,F,F,F,25000
Sinsing,Residential Building,T,D,T,T,T,F,25000
Qianzhen,Residential Building,T,D,T,T,T,F,25000
Zuoying,Townhouse,F,D,T,F,F,F,25000
Qianzhen,Residential Building,T,D,T,T,T,F,25000
Sanmin,Store (Shop),F,E,T,T,F,F,25000
Qianjin,Store (Shop),F,E,T,T,T,F,25000
Zuoying,Residential Building,T,E,T,T,T,Flat,25000
Gushan,Townhouse,F,E,T,F,T,F,25000
Qianzhen,Residential Building,T,E,T,T,T,F,25000
Lingya,Store (Shop),F,E,T,F,F,F,25000
Gushan,Apartment,F,E,F,F,F,F,25000
Gangshan,Residential Building,T,E,F,T,F,F,25000
Gushan,Residential Building,T,F,T,T,T,Flat,25000
Fengshan,Townhouse,F,F,T,F,F,F,25000
Niaosong,Townhouse,F,F,T,F,F,F,25000
Niaosong,Townhouse,F,F,T,F,F,F,25000
Zuoying,Store (Shop),F,F,T,T,F,F,25000
Sanmin,Townhouse,F,F,T,F,T,F,25000
Zuoying,Residential Building,T,F,T,T,T,F,25000
Gushan,Residential Building,T,F,T,T,T,F,25000
Lingya,Office Commercial Building,F,G,T,T,F,F,25000
Gushan,Residential Building,T,G,T,T,T,F,25000
Gushan,Townhouse,F,G,T,F,F,F,25000
Sinsing,Store (Shop),F,G,F,T,F,F,25000
Qianzhen,Residential Building,T,G,T,T,T,F,25000
Zuoying,Townhouse,F,G,T,F,F,F,25000
Qianzhen,Residential Building,T,G,T,T,T,F,25000
Lingya,Residential Building,T,G,T,T,T,F,25000
Fengshan,Townhouse,F,G,F,F,F,F,25000
Lingya,Residential Building,T,G,T,T,T,Flat,25000
Nanzi,Townhouse,F,H,T,F,T,F,25000
Nanzi,Townhouse,F,H,T,F,T,F,25000
Gushan,Residential Building,T,H,T,T,F,F,25000
Qianzhen,Store (Shop),F,H,T,F,F,F,25000
Fengshan,Store (Shop),F,H,F,T,T,F,25000
Dashe,Townhouse,F,H,T,F,F,F,25000
Sanmin,Store (Shop),F,H,T,F,F,F,25000
Qianzhen,Store (Shop),F,H,T,T,F,F,25000
Lingya,Office Commercial Building,F,H,T,F,T,F,25000
Lingya,Townhouse,F,H,F,F,F,F,25000
Renwu,Townhouse,F,H,T,F,T,F,25000
Zuoying,Townhouse,F,H,T,F,T,F,25000
Sanmin,Townhouse,F,H,T,F,F,F,25000
Qianzhen,Residential Building,T,I,F,F,F,F,25000
Qianzhen,Residential Building,T,I,T,T,T,Flat,25000
Qianzhen,Residential Building,T,I,T,T,T,F,25000
Gushan,Townhouse,F,I,T,F,F,F,25000
Renwu,Townhouse,F,I,T,F,F,F,25000
Fengshan,Townhouse,F,I,T,F,F,F,25000
Lingya,Residential Building,T,I,T,T,T,Flat,25000
Fengshan,Residential Building,T,I,T,T,F,F,25000
Zuoying,Residential Building,T,I,T,T,T,Flat,25000
Luzhu,Townhouse,F,I,T,F,T,F,25000
Qianzhen,Townhouse,F,I,F,F,F,F,25000
Sanmin,Townhouse,F,I,T,F,F,F,25000
Sanmin,Residential Building,T,I,T,T,F,F,25000
Sanmin,Office Commercial Building,F,I,F,T,F,Mechanical,25000
Lingya,Residential Building,T,J,T,F,T,F,25000
Zuoying,Townhouse,F,J,T,F,T,F,25000
Sanmin,Residential Building,T,J,T,T,T,F,25000
Qianzhen,Residential Building,T,J,F,T,F,F,25000
Lingya,Townhouse,F,J,T,F,F,F,25000
Sinsing,Residential Building,T,E,T,T,T,Mechanical,25390
Sinsing,Residential Building,T,C,T,T,T,F,25500
Zuoying,Townhouse,F,J,T,F,T,F,25500
Gushan,Residential Building,T,F,T,T,T,Flat,25903
Gushan,Townhouse,F,A,F,F,F,F,26000
Daliao,Factory,F,B,F,F,F,F,26000
Zuoying,Residential Building,T,C,T,T,T,F,26000
Lingya,Huaxia,T,C,T,T,F,F,26000
Sanmin,Apartment,F,C,F,F,F,F,26000
Zuoying,Residential Building,T,C,T,T,T,F,26000
Gushan,Store (Shop),F,E,T,F,F,F,26000
Sinsing,Residential Building,T,E,T,T,T,Flat,26000
Lingya,Residential Building,T,F,T,F,T,Mechanical,26000
Qianzhen,Store (Shop),F,F,T,T,F,F,26000
Sinsing,Apartment,F,F,F,F,F,F,26000
Lingya,Residential Building,T,G,T,T,T,F,26000
Fengshan,Store (Shop),F,G,T,F,F,F,26000
Lingya,Huaxia,T,G,T,F,F,F,26000
Zuoying,Residential Building,T,G,F,F,F,F,26000
Sanmin,Store (Shop),F,G,T,T,T,F,26000
Lingya,Residential Building,T,G,T,F,F,F,26000
Lingya,Townhouse,F,H,T,F,F,F,26000
Nanzi,Townhouse,F,H,T,F,T,F,26000
Sanmin,Office Commercial Building,F,H,T,T,F,F,26000
Sanmin,Townhouse,F,H,T,F,F,F,26000
Zuoying,Store (Shop),F,H,T,F,T,F,26000
Lingya,Residential Building,T,I,T,T,T,Flat,26000
Sinsing,Residential Building,T,I,T,T,T,F,26000
Sanmin,Residential Building,T,I,T,F,T,F,26000
Qianzhen,Townhouse,F,I,T,F,F,F,26000
Lingya,Townhouse,F,J,T,F,F,F,26000
Sanmin,Townhouse,F,J,T,F,F,F,26000
Niaosong,Townhouse,F,J,T,F,F,F,26000
Lingya,Store (Shop),F,J,F,F,T,F,26000
Qianzhen,Residential Building,T,I,T,T,T,Flat,26500
Gushan,Townhouse,F,I,F,F,F,F,26500
Qianjin,Residential Building,T,A,T,F,T,F,27000
Cishan,Townhouse,F,B,F,F,F,F,27000
Qianjin,Residential Building,T,B,T,F,T,F,27000
Sanmin,Residential Building,T,B,T,T,F,F,27000
Sanmin,Townhouse,F,B,F,F,F,F,27000
Gangshan,Townhouse,F,D,F,F,F,F,27000
Qianjin,Residential Building,T,E,T,T,T,Flat,27000
Lingya,Apartment,F,E,F,F,F,F,27000
Qianjin,Residential Building,T,F,T,T,T,F,27000
Gushan,Residential Building,T,F,T,T,T,Mechanical,27000
Lingya,Store (Shop),F,F,F,T,F,F,27000
Qianzhen,Residential Building,T,G,F,F,T,F,27000
Qianjin,Residential Building,T,G,T,T,T,Flat,27000
Lingya,Store (Shop),F,H,T,F,F,F,27000
Qianjin,Store (Shop),F,H,T,F,T,F,27000
Fengshan,Store (Shop),F,H,T,F,T,F,27000
Qianzhen,Townhouse,F,I,F,F,F,F,27000
Lingya,Townhouse,F,I,F,F,F,F,27000
Lingya,Office Commercial Building,F,I,T,T,F,F,27000
Zuoying,Residential Building,T,I,F,F,F,F,27000
Lingya,Townhouse,F,J,F,F,F,F,27000
Yancheng,Store (Shop),F,J,F,F,T,F,27000
Zuoying,Residential Building,T,H,T,F,F,F,27244
Gushan,Residential Building,T,E,T,F,F,F,27272
Qianzhen,Residential Building,T,C,T,T,T,F,27778
Renwu,Townhouse,F,A,F,F,F,F,28000
Qianzhen,Townhouse,F,D,T,F,F,F,28000
Sinsing,Residential Building,T,D,T,T,T,F,28000
Qianzhen,Store (Shop),F,D,F,F,F,F,28000
Qianzhen,Store (Shop),F,D,F,F,T,F,28000
Lingya,Townhouse,F,D,T,F,F,F,28000
Qianzhen,Residential Building,T,E,T,F,T,Flat,28000
Qianjin,Townhouse,F,E,T,F,F,F,28000
Sanmin,Residential Building,T,E,T,T,T,F,28000
Qianzhen,Residential Building,T,E,T,T,T,F,28000
Sanmin,Residential Building,T,F,T,F,T,F,28000
Lingya,Townhouse,F,F,T,F,F,F,28000
Siaogang,Residential Building,T,F,T,F,T,F,28000
Zuoying,Residential Building,T,F,T,T,T,F,28000
Sanmin,Townhouse,F,G,T,F,F,F,28000
Zuoying,Residential Building,T,G,T,T,T,Flat,28000
Nanzi,Residential Building,T,G,T,T,F,F,28000
Sanmin,Residential Building,T,G,T,T,T,Flat,28000
Yancheng,Residential Building,T,G,T,T,T,F,28000
Qianjin,Store (Shop),F,G,F,F,T,F,28000
Sanmin,Office Commercial Building,F,G,T,T,F,F,28000
Zuoying,Residential Building,T,H,T,T,T,F,28000
Sanmin,Store (Shop),F,H,T,F,F,F,28000
Fengshan,Store (Shop),F,H,T,F,F,F,28000
Zuoying,Residential Building,T,H,T,T,T,Flat,28000
Gushan,Residential Building,T,H,T,T,T,Flat,28000
Sinsing,Huaxia,T,H,T,T,T,F,28000
Zuoying,Townhouse,F,H,T,F,F,F,28000
Gushan,Residential Building,T,H,T,T,F,Flat,28000
Gushan,Residential Building,T,H,T,T,T,Mechanical,28000
Siaogang,Townhouse,F,H,T,F,T,F,28000
Zuoying,Residential Building,T,H,T,T,T,Flat,28000
Lingya,Residential Building,T,H,T,T,T,F,28000
Sinsing,Office Commercial Building,F,I,T,F,T,F,28000
Lingya,Residential Building,T,I,T,T,T,F,28000
Zuoying,Townhouse,F,I,T,F,T,F,28000
Nanzi,Townhouse,F,I,T,F,F,F,28000
Gangshan,Townhouse,F,I,T,F,F,F,28000
Zuoying,Residential Building,T,I,T,T,T,Flat,28000
Lingya,Office Commercial Building,F,I,T,F,F,F,28000
Gushan,Residential Building,T,I,T,T,T,Flat,28000
Lingya,Townhouse,F,I,T,F,F,F,28000
Gangshan,Store (Shop),F,I,T,F,F,F,28000
Gangshan,Store (Shop),F,I,T,F,F,F,28000
Siaogang,Townhouse,F,I,T,F,T,F,28000
Siaogang,Townhouse,F,I,T,F,T,F,28000
Sanmin,Store (Shop),F,I,T,F,F,F,28000
Sanmin,Store (Shop),F,J,F,F,F,F,28000
Zuoying,Townhouse,F,J,T,F,T,F,28000
Sanmin,Townhouse,F,J,T,F,T,F,28000
Gushan,Residential Building,T,J,T,F,T,F,28000
Qianzhen,Residential Building,T,D,T,T,F,Mechanical,28500
Qianzhen,Residential Building,T,D,T,T,T,F,28888
Qianzhen,Apartment,F,C,T,F,T,F,29000
Qianjin,Residential Building,T,D,T,T,T,F,29000
Sinsing,Residential Building,T,G,T,T,T,F,29000
Gushan,Residential Building,T,H,T,F,T,Flat,29000
Gushan,Residential Building,T,H,T,T,F,Flat,29000
Gushan,Residential Building,T,H,T,T,F,Mechanical,29000
Gushan,Residential Building,T,H,T,F,F,Mechanical,29000
Gushan,Residential Building,T,H,T,F,F,Mechanical,29000
Zuoying,Residential Building,T,I,T,T,T,Flat,29000
Sanmin,Store (Shop),F,I,F,F,F,F,29000
Gushan,Residential Building,T,I,T,T,T,F,29000
Zuoying,Townhouse,F,J,F,F,F,F,29120
Fengshan,Townhouse,F,I,T,F,F,F,29516
Sinsing,Residential Building,T,E,T,T,T,F,29950
Fengshan,Residential Building,T,A,T,F,T,F,30000
Lingya,Townhouse,F,B,T,F,F,F,30000
Qianjin,Residential Building,T,B,T,T,T,F,30000
Qianzhen,Townhouse,F,C,F,F,F,F,30000
Zuoying,Residential Building,T,C,T,T,T,F,30000
Lingya,Store (Shop),F,D,T,F,T,F,30000
Sanmin,Store (Shop),F,D,T,F,F,F,30000
Qianzhen,Apartment,F,D,T,F,T,F,30000
Gushan,Residential Building,T,D,T,F,T,F,30000
Gushan,Townhouse,F,D,F,F,T,F,30000
Sanmin,Residential Building,T,E,T,T,F,F,30000
Qianzhen,Residential Building,T,E,T,F,T,F,30000
Lingya,Store (Shop),F,E,F,T,F,F,30000
Lingya,Residential Building,T,E,T,T,T,Flat,30000
Zuoying,Residential Building,T,E,T,T,T,F,30000
Qianzhen,Store (Shop),F,E,F,F,F,F,30000
Lingya,Townhouse,F,E,F,F,F,F,30000
Qianzhen,Store (Shop),F,F,F,F,F,F,30000
Qianjin,Store (Shop),F,F,T,F,T,F,30000
Zuoying,Residential Building,T,F,T,T,T,F,30000
Sanmin,Townhouse,F,F,F,F,T,F,30000
Sinsing,Store (Shop),F,F,F,F,T,F,30000
Qianjin,Residential Building,T,G,T,T,T,F,30000
Zuoying,Residential Building,T,G,T,T,T,F,30000
Sanmin,Residential Building,T,G,T,T,T,Flat,30000
Sinsing,Townhouse,F,G,F,F,T,F,30000
Sinsing,Townhouse,F,G,T,F,T,F,30000
Qianzhen,Apartment,F,G,F,F,F,F,30000
Lingya,Residential Building,T,G,T,T,T,Flat,30000
Lingya,Residential Building,T,G,T,T,T,F,30000
Qianzhen,Townhouse,F,G,F,F,F,F,30000
Sanmin,Townhouse,F,G,T,F,F,F,30000
Sanmin,Store (Shop),F,H,F,F,T,F,30000
Lingya,Townhouse,F,H,F,F,F,F,30000
Zuoying,Residential Building,T,H,T,T,T,F,30000
Zuoying,Residential Building,T,H,T,T,T,Flat,30000
Sanmin,Residential Building,T,H,T,F,T,Mechanical,30000
Lingya,Townhouse,F,H,F,F,F,F,30000
Zuoying,Townhouse,F,H,T,F,F,F,30000
Lingya,Townhouse,F,H,F,F,F,F,30000
Zuoying,Townhouse,F,H,T,F,F,F,30000
Lingya,Residential Building,T,H,T,T,F,F,30000
Qianzhen,Townhouse,F,H,T,F,F,F,30000
Niaosong,Townhouse,F,I,T,F,T,F,30000
Qianzhen,Residential Building,T,I,T,T,T,Flat,30000
Qianzhen,Residential Building,T,I,T,F,T,Mechanical,30000
Sanmin,Townhouse,F,I,T,F,T,F,30000
Gushan,Townhouse,F,I,T,F,T,F,30000
Sanmin,Townhouse,F,I,F,F,T,F,30000
Sinsing,Townhouse,F,I,F,F,F,F,30000
Sanmin,Huaxia,T,I,T,T,F,F,30000
Zuoying,Residential Building,T,I,T,T,T,Flat,30000
Sanmin,Residential Building,T,I,T,F,F,F,30000
Sanmin,Townhouse,F,I,T,F,F,F,30000
Sanmin,Townhouse,F,I,F,F,T,F,30000
Gushan,Residential Building,T,I,T,F,T,Flat,30000
Lingya,Residential Building,T,I,T,T,F,F,30000
Lingya,Store (Shop),F,I,T,T,F,F,30000
Fengshan,Store (Shop),F,J,T,F,F,Flat,30000
Zuoying,Townhouse,F,J,T,F,F,F,30000
Sanmin,Residential Building,T,J,T,T,T,Flat,30000
Zuoying,Townhouse,F,J,T,F,F,F,30000
Zuoying,Residential Building,T,J,T,F,F,F,30000
Sanmin,Office Commercial Building,F,J,T,F,T,F,30000
Sanmin,Townhouse,F,J,T,F,F,F,30000
Sinsing,Office Commercial Building,F,J,T,T,F,F,30000
Qianzhen,Townhouse,F,I,T,F,F,F,30650
Gushan,Residential Building,T,D,T,T,T,Flat,31000
Zuoying,Residential Building,T,G,T,T,T,Flat,31000
Siaogang,Store (Shop),F,H,T,F,F,F,31000
Sanmin,Townhouse,F,H,F,F,T,F,31000
Lingya,Apartment,F,H,F,F,T,F,31000
Gushan,Residential Building,T,H,T,F,T,F,31000
Sinsing,Residential Building,T,F,T,T,F,Flat,31500
Lingya,Residential Building,T,J,T,T,T,F,31500
Zuoying,Residential Building,T,J,T,T,F,Flat,31825
Gushan,Residential Building,T,A,T,T,T,Flat,32000
Qianzhen,Residential Building,T,F,T,T,T,F,32000
Lingya,Townhouse,F,F,T,F,F,F,32000
Sanmin,Townhouse,F,F,T,F,F,F,32000
Qianjin,Residential Building,T,G,T,T,T,Flat,32000
Sinsing,Townhouse,F,H,T,F,F,F,32000
Lingya,Residential Building,T,H,T,T,T,Flat,32000
Zuoying,Residential Building,T,H,T,T,T,Flat,32000
Qianzhen,Residential Building,T,H,T,T,T,F,32000
Sanmin,Residential Building,T,H,T,F,T,Flat,32000
Qianjin,Townhouse,F,H,F,F,F,F,32000
Zuoying,Townhouse,F,I,T,F,F,F,32000
Fengshan,Townhouse,F,I,T,F,T,F,32000
Sanmin,Townhouse,F,I,F,F,F,F,32000
Zuoying,Store (Shop),F,I,T,F,T,F,32000
Sanmin,Townhouse,F,J,T,F,F,F,32000
Lingya,Townhouse,F,J,F,T,F,F,32000
Fengshan,Townhouse,F,A,F,F,F,F,33000
Sanmin,Townhouse,F,A,T,F,T,F,33000
Sanmin,Store (Shop),F,B,F,F,F,F,33000
Sanmin,Townhouse,F,B,F,F,F,F,33000
Gushan,Residential Building,T,C,T,F,T,Flat,33000
Gushan,Store (Shop),F,D,F,T,F,F,33000
Sinsing,Store (Shop),F,D,F,F,F,F,33000
Fengshan,Store (Shop),F,E,T,T,F,F,33000
Sinsing,Townhouse,F,E,F,F,F,F,33000
Gangshan,Residential Building,T,E,F,T,F,F,33000
Lingya,Residential Building,T,F,T,T,T,F,33000
Qianjin,Residential Building,T,F,T,T,T,F,33000
Sanmin,Huaxia,T,F,F,F,T,F,33000
Gushan,Residential Building,T,F,T,T,T,Flat,33000
Qianjin,Store (Shop),F,F,F,F,F,F,33000
Qianzhen,Townhouse,F,F,T,F,F,F,33000
Gushan,Residential Building,T,G,T,F,T,Flat,33000
Zuoying,Store (Shop),F,G,F,F,T,F,33000
Zuoying,Townhouse,F,G,F,F,T,F,33000
Zuoying,Store (Shop),F,G,T,F,T,F,33000
Yancheng,Townhouse,F,H,T,F,T,F,33000
Lingya,Townhouse,F,H,F,F,F,F,33000
Sinsing,Townhouse,F,H,F,F,F,F,33000
Sanmin,Townhouse,F,H,T,F,F,F,33000
Zuoying,Townhouse,F,H,T,F,T,F,33000
Zuoying,Townhouse,F,H,T,F,T,F,33000
Qianzhen,Townhouse,F,H,T,F,T,F,33000
Qianjin,Residential Building,T,I,T,T,T,F,33000
Qianzhen,Townhouse,F,I,F,F,F,F,33000
Qianzhen,Townhouse,F,I,F,F,F,F,33000
Qianzhen,Townhouse,F,I,T,F,T,F,33000
Gushan,Residential Building,T,I,T,F,T,F,33000
Zuoying,Store (Shop),F,I,T,F,F,F,33000
Lingya,Townhouse,F,I,T,F,F,F,33000
Zuoying,Residential Building,T,J,T,T,F,F,33000
Sanmin,Townhouse,F,J,T,F,F,F,33000
Nanzi,Townhouse,F,D,T,F,F,F,33500
Sinsing,Residential Building,T,J,T,T,T,F,33500
Qianjin,Residential Building,T,C,T,T,T,F,33600
Qianzhen,Townhouse,F,B,T,F,T,F,34000
Gushan,Residential Building,T,H,T,T,T,Flat,34000
Sinsing,Townhouse,F,H,F,F,F,F,34000
Gushan,Townhouse,F,H,T,F,F,F,34000
Qianjin,Residential Building,T,I,F,F,F,F,34000
Lingya,Residential Building,T,I,F,F,F,F,34000
Sanmin,Townhouse,F,A,T,F,F,F,35000
Qianjin,Store (Shop),F,A,F,F,F,F,35000
Sinsing,Townhouse,F,B,F,F,F,F,35000
Gushan,Townhouse,F,C,T,F,F,F,35000
Zuoying,Townhouse,F,,T,F,T,F,35000
Fengshan,Apartment,F,D,F,F,F,F,35000
Gushan,Townhouse,F,E,F,F,F,F,35000
Qianzhen,Residential Building,T,E,F,F,F,F,35000
Lingya,Townhouse,F,G,F,F,F,F,35000
Qianjin,Store (Shop),F,G,F,F,T,F,35000
Zuoying,Townhouse,F,G,T,F,F,F,35000
Gushan,Store (Shop),F,G,T,T,F,F,35000
Zuoying,Residential Building,T,G,T,T,T,Mechanical,35000
Zuoying,Residential Building,T,G,T,T,T,Mechanical,35000
Gushan,Residential Building,T,H,T,T,T,Flat,35000
Sanmin,Office Commercial Building,F,H,T,T,T,F,35000
Yancheng,Residential Building,T,H,T,T,T,Flat,35000
Yancheng,Residential Building,T,H,T,T,T,F,35000
Gushan,Residential Building,T,H,T,T,T,Flat,35000
Sinsing,Office Commercial Building,F,H,F,T,T,F,35000
Qianzhen,Townhouse,F,H,T,F,F,F,35000
Qianzhen,Residential Building,T,H,T,T,T,F,35000
Niaosong,Townhouse,F,I,T,F,F,F,35000
Zuoying,Residential Building,T,I,T,T,T,Flat,35000
Qianzhen,Residential Building,T,I,F,F,F,F,35000
Gushan,Residential Building,T,I,T,T,T,Flat,35000
Yancheng,Residential Building,T,I,T,T,T,Flat,35000
Gushan,Residential Building,T,I,T,T,T,Flat,35000
Gushan,Residential Building,T,I,T,T,T,Flat,35000
Lingya,Residential Building,T,I,T,T,T,Flat,35000
Nanzi,Townhouse,F,I,T,F,F,F,35000
Sanmin,Store (Shop),F,I,T,F,F,F,35000
Qianzhen,Residential Building,T,I,T,T,F,Flat,35000
Zuoying,Residential Building,T,I,T,T,F,F,35000
Gushan,Residential Building,T,J,T,T,T,Flat,35000
Ciaotou,Townhouse,F,J,T,F,F,F,35000
Sanmin,Townhouse,F,J,F,F,F,F,35000
Lingya,Townhouse,F,J,T,F,F,F,35000
Qianjin,Townhouse,F,J,F,F,T,F,35000
Siaogang,Townhouse,F,J,T,F,T,F,35000
Zuoying,Townhouse,F,A,T,F,F,F,36000
Qianjin,Residential Building,T,D,T,T,T,F,36000
Dashe,Townhouse,F,H,T,F,T,F,36000
Yancheng,Residential Building,T,H,T,T,T,F,36000
Qianzhen,Residential Building,T,I,T,T,T,Flat,36000
Sanmin,Townhouse,F,I,T,F,F,F,36000
Siaogang,Townhouse,F,J,T,F,T,F,36000
Lingya,Office Commercial Building,F,J,F,T,T,F,36000
Sinsing,Townhouse,F,J,F,F,F,F,36500
Gushan,Residential Building,T,H,T,T,T,Flat,37000
Yancheng,Residential Building,T,H,T,T,T,F,37000
Lingya,Residential Building,T,H,T,F,T,F,37000
Sanmin,Townhouse,F,I,T,F,F,F,37000
Gushan,Residential Building,T,I,T,T,T,F,37000
Gushan,Townhouse,F,B,F,F,F,F,38000
Gushan,Townhouse,F,B,T,F,T,F,38000
Gushan,Store (Shop),F,D,F,T,F,F,38000
Fengshan,Townhouse,F,D,F,F,T,F,38000
Gushan,Apartment,F,D,T,F,F,F,38000
Sinsing,Residential Building,T,E,T,T,T,Flat,38000
Sanmin,Store (Shop),F,G,F,F,T,F,38000
Yancheng,Residential Building,T,G,T,T,T,F,38000
Sinsing,Townhouse,F,H,T,F,F,F,38000
Gushan,Residential Building,T,H,T,T,T,F,38000
Zuoying,Residential Building,T,H,T,T,T,Mechanical,38000
Gushan,Huaxia,T,I,F,F,F,F,38000
Qianzhen,Office Commercial Building,F,I,F,F,F,F,38000
Sanmin,Townhouse,F,J,T,F,F,F,38000
Lingya,Residential Building,T,J,F,T,F,F,38000
Zuoying,Residential Building,T,H,T,T,T,F,38500
Qianzhen,Residential Building,T,J,F,F,F,F,38500
Qianzhen,Residential Building,T,H,T,T,T,F,38889
Lingya,Residential Building,T,I,T,T,T,F,38889
Lingya,Residential Building,T,I,T,T,T,F,38889
Gushan,Residential Building,T,D,T,T,T,Mechanical,39000
Nanzi,Townhouse,F,I,F,T,F,F,39200
Lingya,Residential Building,T,J,T,T,T,F,39800
Fengshan,Townhouse,F,A,F,F,T,F,40000
Fengshan,Townhouse,F,B,F,F,T,F,40000
Sanmin,Townhouse,F,B,F,F,T,F,40000
Lingya,Store (Shop),F,C,F,F,F,F,40000
Gushan,Store (Shop),F,C,F,F,F,F,40000
Gushan,Store (Shop),F,E,F,T,F,F,40000
Qianzhen,Store (Shop),F,E,F,F,T,F,40000
Yancheng,Store (Shop),F,E,T,F,F,F,40000
Yancheng,Townhouse,F,E,T,F,F,F,40000
Sanmin,Store (Shop),F,E,T,F,F,F,40000
Qianzhen,Townhouse,F,F,F,F,F,F,40000
Sanmin,Store (Shop),F,F,F,F,T,F,40000
Qianjin,Residential Building,T,G,T,T,T,F,40000
Sanmin,Store (Shop),F,G,F,F,F,F,40000
Lingya,Townhouse,F,G,T,F,F,F,40000
Lingya,Townhouse,F,G,T,F,F,F,40000
Gushan,Store (Shop),F,G,T,T,F,F,40000
Gushan,Residential Building,T,H,T,T,T,Flat,40000
Zuoying,Residential Building,T,H,T,F,T,F,40000
Zuoying,Residential Building,T,H,T,T,T,Flat,40000
Sinsing,Store (Shop),F,H,F,F,F,F,40000
Sanmin,Townhouse,F,H,F,F,F,F,40000
Sanmin,Apartment,F,I,T,F,F,F,40000
Qianzhen,Residential Building,T,I,T,T,T,F,40000
Zuoying,Residential Building,T,I,T,T,T,Flat,40000
Lingya,Residential Building,T,I,T,T,T,Flat,40000
Sanmin,Residential Building,T,I,F,T,T,F,40000
Sinsing,Residential Building,T,I,T,T,T,Flat,40000
Lingya,Townhouse,F,J,F,F,F,F,40000
Sanmin,Store (Shop),F,J,F,F,F,F,40000
Siaogang,Factory,F,J,F,F,F,F,40000
Siaogang,Factory,F,J,F,F,F,F,40000
Lingya,Townhouse,F,J,T,F,F,F,40000
Qianzhen,Residential Building,T,J,T,T,F,Flat,40000
Qianjin,Residential Building,T,J,F,T,F,F,40000
Zuoying,Townhouse,F,J,T,F,F,F,40000
Zuoying,Residential Building,T,J,T,F,F,F,40700
Qianjin,Residential Building,T,I,T,T,T,Flat,40863
Gushan,Residential Building,T,I,T,T,T,Flat,41000
Qianzhen,Townhouse,F,I,F,F,F,F,41000
Lingya,Residential Building,T,I,T,T,T,Flat,41000
Fengshan,Store (Shop),F,J,F,T,F,F,41000
Gushan,Store (Shop),F,B,F,F,F,F,42000
Lingya,Townhouse,F,C,T,F,T,F,42000
Sinsing,Townhouse,F,F,T,F,F,F,42000
Nanzi,Townhouse,F,I,T,F,F,F,42000
Lingya,Residential Building,T,I,T,T,T,Flat,42000
Qianzhen,Office Commercial Building,F,I,F,T,F,Mechanical,42000
Lingya,Residential Building,T,J,T,T,T,F,42000
Qianzhen,Residential Building,T,J,T,T,T,Flat,42000
Qianzhen,Store (Shop),F,J,T,T,F,F,42000
Lingya,Office Commercial Building,F,J,T,F,T,F,42000
Lingya,Residential Building,T,J,T,T,T,F,42000
Lingya,Residential Building,T,I,T,T,T,Flat,42222
Qianjin,Residential Building,T,H,T,T,T,Flat,42542
Siaogang,Store (Shop),F,C,F,F,F,F,43000
Zuoying,Store (Shop),F,D,T,F,F,F,43000
Lingya,Huaxia,T,F,F,T,F,F,43000
Zuoying,Townhouse,F,H,T,F,F,F,43000
Gushan,Residential Building,T,H,T,T,T,F,43000
Sanmin,Townhouse,F,I,F,F,F,F,43000
Zuoying,Store (Shop),F,I,F,T,F,F,43000
Sinsing,Residential Building,T,J,T,T,T,Flat,43000
Qianzhen,Residential Building,T,H,F,F,F,F,43200
Lingya,Residential Building,T,I,T,T,T,F,44444
Qianjin,Residential Building,T,H,T,T,T,Flat,44445
Lingya,Residential Building,T,H,T,T,T,F,44445
Sinsing,Residential Building,T,I,T,T,T,F,44445
Sinsing,Residential Building,T,I,T,T,T,F,44445
Sanmin,Townhouse,F,C,F,F,F,F,45000
Sanmin,Store (Shop),F,C,F,F,F,F,45000
Gushan,Townhouse,F,C,T,F,F,F,45000
Qianjin,Store (Shop),F,E,F,F,T,F,45000
Qianjin,Townhouse,F,E,F,F,F,F,45000
Gushan,Residential Building,T,E,T,F,T,F,45000
Lingya,Store (Shop),F,E,T,F,F,F,45000
Cijin,Store (Shop),F,E,F,F,F,F,45000
Qianjin,Townhouse,F,E,F,F,T,F,45000
Fengshan,Store (Shop),F,F,F,F,F,F,45000
Sinsing,Townhouse,F,F,F,F,F,F,45000
Sanmin,Townhouse,F,G,F,F,F,F,45000
Qianzhen,Residential Building,T,H,T,T,T,F,45000
Zuoying,Residential Building,T,H,F,F,T,F,45000
Sinsing,Residential Building,T,H,T,T,T,Flat,45000
Sinsing,Residential Building,T,H,T,T,T,Flat,45000
Qianzhen,Residential Building,T,I,T,T,T,Flat,45000
Sinsing,Residential Building,T,I,T,T,T,Flat,45000
Sanmin,Residential Building,T,I,T,T,T,Flat,45000
Lingya,Residential Building,T,I,T,T,T,Flat,45000
Lingya,Residential Building,T,I,T,T,T,Flat,45000
Gushan,Residential Building,T,J,T,T,T,F,45000
Zuoying,Residential Building,T,J,T,T,T,Flat,45000
Sanmin,Residential Building,T,J,T,T,T,Flat,45000
Sinsing,Store (Shop),F,J,F,F,F,F,45000
Zuoying,Store (Shop),F,J,T,F,F,F,45000
Fengshan,Townhouse,F,J,T,F,T,F,45000
Lingya,Office Commercial Building,F,J,F,F,F,F,45000
Sanmin,Residential Building,T,J,F,T,F,F,45000
Sanmin,Townhouse,F,D,T,F,T,F,46000
Sinsing,Residential Building,T,J,T,T,T,Flat,46000
Gushan,Residential Building,T,I,T,T,T,Flat,47000
Qianjin,Store (Shop),F,J,T,F,T,F,47000
Sinsing,Huaxia,T,H,F,F,F,F,47500
Sanmin,Townhouse,F,I,F,F,F,F,47620
Gushan,Residential Building,T,I,T,T,T,F,48000
Qianzhen,Residential Building,T,I,T,F,T,F,48000
Qianzhen,Residential Building,T,J,T,T,T,F,48000
Sinsing,Townhouse,F,J,F,F,F,F,48000
Zuoying,Store (Shop),F,J,T,F,F,F,48000
Sanmin,Office Commercial Building,F,J,F,T,F,F,48000
Sanmin,Office Commercial Building,F,J,F,T,F,Mechanical,48000
Lingya,Townhouse,F,J,F,F,F,F,48000
Sanmin,Office Commercial Building,F,J,T,F,F,Flat,48000
Lingya,Store (Shop),F,G,F,T,F,F,49000
Lingya,Store (Shop),F,B,T,F,F,F,50000
Gushan,Apartment,F,E,T,F,F,F,50000
Sanmin,Townhouse,F,E,F,F,F,F,50000
Zuoying,Townhouse,F,E,F,F,F,F,50000
Gushan,Townhouse,F,F,T,F,F,F,50000
Qianzhen,Huaxia,T,G,F,F,F,F,50000
Sinsing,Huaxia,T,G,F,F,F,F,50000
Lingya,Townhouse,F,H,F,F,F,F,50000
Zuoying,Huaxia,T,H,T,T,F,F,50000
Sinsing,Residential Building,T,I,T,T,T,F,50000
Gushan,Residential Building,T,I,T,F,T,Flat,50000
Qianjin,Residential Building,T,I,T,T,T,Flat,50000
Nanzi,Townhouse,F,I,T,F,T,F,50000
Gushan,Residential Building,T,J,T,T,T,F,50000
Gushan,Store (Shop),F,J,T,F,T,F,50000
Qianjin,Townhouse,F,J,T,F,F,F,50000
Gushan,Residential Building,T,J,T,T,T,Flat,50000
Sanmin,Residential Building,T,J,T,T,T,Flat,50000
Qianjin,Townhouse,F,J,F,F,F,F,50000
Zuoying,Store (Shop),F,J,T,F,F,F,50000
Zuoying,Townhouse,F,J,T,F,F,F,50000
Qianzhen,Residential Building,T,J,T,T,T,Flat,50000
Qianzhen,Residential Building,T,J,T,T,T,Flat,50000
Gangshan,Residential Building,T,J,F,T,F,F,50000
Sanmin,Townhouse,F,J,F,F,T,F,50000
Zuoying,Townhouse,F,J,F,F,F,F,50000
Lingya,Office Commercial Building,F,I,T,T,T,F,51000
Qianjin,Townhouse,F,I,F,F,F,F,52000
Gushan,Residential Building,T,I,T,T,T,Flat,52000
Lingya,Residential Building,T,J,T,T,T,Flat,52000
Sanmin,Townhouse,F,J,T,F,T,F,52000
Gangshan,Store (Shop),F,J,T,F,F,F,52000
Zuoying,Store (Shop),F,B,F,F,F,F,53000
Gushan,Residential Building,T,I,T,T,T,Flat,53000
Sanmin,Townhouse,F,J,F,F,F,F,53000
Sanmin,Store (Shop),F,J,T,F,F,F,53000
Qianjin,Townhouse,F,H,F,F,F,F,53400
Qianzhen,Residential Building,T,J,T,T,F,F,53600
Gushan,Townhouse,F,B,T,F,F,F,55000
Lingya,Apartment,F,D,F,F,F,F,55000
Zuoying,Residential Building,T,E,T,F,T,F,55000
Qianjin,Townhouse,F,F,F,F,F,F,55000
Lingya,Townhouse,F,G,T,F,F,F,55000
Gushan,Store (Shop),F,H,F,T,F,F,55000
Lingya,Townhouse,F,I,F,F,F,F,55000
Sanmin,Store (Shop),F,I,T,F,T,F,55000
Zuoying,Store (Shop),F,I,F,F,F,F,55000
Zuoying,Store (Shop),F,I,F,F,F,F,55000
Qianzhen,Residential Building,T,I,T,T,T,Flat,55000
Sinsing,Residential Building,T,J,T,T,T,Flat,55000
Gushan,Townhouse,F,J,T,F,F,F,55000
Sanmin,Store (Shop),F,J,F,F,T,F,55000
Qianzhen,Residential Building,T,J,T,T,T,Flat,55000
Zuoying,Residential Building,T,J,T,T,T,Flat,55000
Sanmin,Townhouse,F,J,F,F,F,F,55000
Sinsing,Office Commercial Building,F,J,F,T,F,F,55000
Sanmin,Store (Shop),F,G,F,F,F,F,56000
Zuoying,Residential Building,T,J,T,F,T,F,56500
Lingya,Residential Building,T,I,T,T,T,Flat,56760
Lingya,Residential Building,T,J,T,T,T,Flat,57000
Sanmin,Store (Shop),F,J,T,F,F,F,57000
Gushan,Townhouse,F,I,F,F,F,F,58000
Zuoying,Townhouse,F,J,T,F,F,F,58000
Sanmin,Store (Shop),F,J,F,T,F,F,58000
Renwu,Huaxia,T,J,T,T,F,F,58000
Qianzhen,Office Commercial Building,F,J,F,T,F,F,58000
Zuoying,Townhouse,F,J,T,F,T,F,58000
Lingya,Townhouse,F,A,F,F,F,F,59090
Lingya,Store (Shop),F,D,T,F,F,F,60000
Sanmin,Store (Shop),F,G,F,F,F,F,60000
Sanmin,Store (Shop),F,H,F,F,F,F,60000
Sinsing,Townhouse,F,H,F,F,F,F,60000
Gushan,Store (Shop),F,H,F,T,F,F,60000
Gushan,Store (Shop),F,I,T,T,F,F,60000
Qianzhen,Residential Building,T,I,T,T,T,Flat,60000
Lingya,Store (Shop),F,I,F,T,F,Flat,60000
Gushan,Townhouse,F,I,F,F,T,F,60000
Lingya,Residential Building,T,I,F,T,F,F,60000
Qianzhen,Residential Building,T,I,T,T,F,F,60000
Qianzhen,Store (Shop),F,J,T,F,F,F,60000
Lingya,Residential Building,T,J,T,T,T,Flat,60000
Sinsing,Townhouse,F,J,F,F,T,F,60000
Lingya,Huaxia,T,J,T,T,F,F,60000
Qianzhen,Store (Shop),F,J,T,F,F,F,60000
Renwu,Factory,F,J,F,F,F,F,60000
Gushan,Residential Building,T,I,T,F,T,Flat,61000
Sinsing,Residential Building,T,H,T,T,T,Flat,61778
Zuoying,Townhouse,F,I,F,F,F,F,62000
Sanmin,Townhouse,F,J,F,F,F,F,62000
Fengshan,Townhouse,F,C,F,F,F,F,62500
Zuoying,Store (Shop),F,E,T,T,F,F,63000
Sanmin,Store (Shop),F,F,F,T,F,F,63000
Zuoying,Residential Building,T,J,T,T,T,Flat,63000
Gushan,Townhouse,F,J,T,F,F,F,63000
Sinsing,Townhouse,F,C,F,F,F,F,65000
Sanmin,Townhouse,F,E,F,F,F,F,65000
Gushan,Store (Shop),F,E,F,F,F,F,65000
Qianzhen,Apartment,F,I,F,F,T,F,65000
Gushan,Townhouse,F,J,T,F,T,F,65000
Gushan,Townhouse,F,J,F,F,F,F,65000
Zuoying,Townhouse,F,J,T,F,F,F,65000
Zuoying,Store (Shop),F,J,F,T,T,F,65000
Qianzhen,Residential Building,T,J,T,T,T,Flat,65000
Sinsing,Residential Building,T,J,F,F,F,F,65000
Sanmin,Apartment,F,J,F,F,F,F,67000
Gushan,Townhouse,F,J,T,F,T,F,67000
Sinsing,Store (Shop),F,C,T,F,F,F,68000
Gushan,Store (Shop),F,I,F,T,F,F,68000
Sanmin,Store (Shop),F,I,F,F,F,F,68000
Qianzhen,Residential Building,T,J,T,F,T,Flat,68000
Qianzhen,Warehouse,F,J,F,F,F,F,68000
Zuoying,Townhouse,F,J,T,F,F,F,68000
Lingya,Store (Shop),F,I,F,F,F,F,70000
Sanmin,Store (Shop),F,J,F,F,F,F,70000
Lingya,Store (Shop),F,J,T,F,F,F,70000
Qianzhen,Residential Building,T,J,T,T,T,Flat,70000
Qianzhen,Residential Building,T,J,T,T,T,F,70000
Lingya,Store (Shop),F,J,T,T,F,F,70000
Gushan,Townhouse,F,J,F,F,F,F,70000
Sinsing,Residential Building,T,J,F,T,F,F,70000
Sinsing,Residential Building,T,J,T,T,T,Flat,70000
Lingya,Townhouse,F,J,F,F,T,F,70000
Qianjin,Store (Shop),F,J,F,F,F,F,70000
Qianzhen,Townhouse,F,J,T,F,T,F,71500
Qianzhen,Residential Building,T,J,T,T,T,Flat,72000
Qianzhen,Residential Building,T,J,T,T,T,Flat,72000
Zuoying,Townhouse,F,J,T,F,T,F,73000
Qianzhen,Apartment,F,E,F,F,F,F,75000
Sinsing,Townhouse,F,G,F,F,F,F,75000
Lingya,Store (Shop),F,I,F,F,F,F,75000
Sinsing,Residential Building,T,J,F,T,F,F,75000
Sinsing,Townhouse,F,J,F,F,F,F,75000
Qianzhen,Residential Building,T,J,T,T,T,Flat,75000
Qianzhen,Residential Building,T,J,T,T,T,Flat,75000
Fengshan,Store (Shop),F,H,F,F,F,F,78000
Sinsing,Townhouse,F,E,T,F,F,F,79000
Nanzi,Townhouse,F,D,F,F,F,F,80000
Qianzhen,Apartment,F,D,F,F,F,F,80000
Qianjin,Store (Shop),F,E,F,F,F,F,80000
Gushan,Store (Shop),F,G,F,F,T,F,80000
Sanmin,Huaxia,T,G,F,F,F,F,80000
Nanzi,Residential Building,T,H,F,F,F,F,80000
Lingya,Apartment,F,I,F,F,F,F,80000
Sanmin,Factory,F,I,F,F,F,F,80000
Lingya,Townhouse,F,I,F,F,F,F,80000
Lingya,Store (Shop),F,J,F,F,F,F,80000
Qianzhen,Residential Building,T,J,T,T,T,Flat,80000
Sinsing,Townhouse,F,J,F,F,F,F,80000
Gushan,Residential Building,T,J,T,T,T,Flat,80000
Zuoying,Townhouse,F,J,T,F,F,F,80000
Zuoying,Townhouse,F,J,F,F,F,F,80000
Qianjin,Store (Shop),F,J,F,F,F,F,80000
Qianzhen,Residential Building,T,J,T,T,T,Flat,83000
Sinsing,Townhouse,F,J,F,F,F,F,83000
Lingya,Residential Building,T,J,T,F,F,F,84000
Sanmin,Store (Shop),F,G,F,F,T,F,85000
Lingya,Residential Building,T,J,T,T,T,Flat,85000
Qianzhen,Residential Building,T,J,T,T,T,Flat,85000
Gushan,Residential Building,T,J,T,T,T,Flat,85000
Qianzhen,Residential Building,T,J,T,T,T,F,85000
Sinsing,Townhouse,F,J,F,F,T,F,85000
Gushan,Residential Building,T,J,T,T,T,Flat,87000
Sinsing,Townhouse,F,E,F,F,F,F,90000
Lingya,Townhouse,F,J,F,F,F,F,90000
Sinsing,Townhouse,F,J,T,F,F,F,90000
Sinsing,Store (Shop),F,J,F,F,F,F,90000
Lingya,Townhouse,F,J,F,F,F,F,90000
Sanmin,Townhouse,F,G,F,F,F,F,92000
Lingya,Apartment,F,I,F,F,F,F,94000
Sanmin,Townhouse,F,G,F,F,F,F,95000
Qianzhen,Apartment,F,H,F,F,F,F,95000
Sanmin,Store (Shop),F,J,F,T,F,F,95000
Sinsing,Townhouse,F,J,F,F,T,F,99000
Gushan,Store (Shop),F,B,T,F,F,F,100000
Fengshan,Townhouse,F,D,F,F,T,F,100000
Gushan,Townhouse,F,F,T,F,T,F,100000
Sanmin,Store (Shop),F,H,F,F,T,F,100000
Qianzhen,Store (Shop),F,I,F,F,F,F,100000
Sanmin,Store (Shop),F,I,F,F,T,F,100000
Sanmin,Office Commercial Building,F,J,F,T,F,F,100000
Gushan,Townhouse,F,J,T,F,T,F,100000
Sanmin,Store (Shop),F,J,T,F,F,F,100000
Lingya,Townhouse,F,J,F,F,F,F,102000
Sinsing,Huaxia,T,F,F,F,F,F,102272
Sanmin,Store (Shop),F,J,F,F,F,F,105000
Sanmin,Office Commercial Building,F,J,F,F,T,F,106000
Zuoying,Factory Office,F,J,F,F,F,F,106000
Sinsing,Store (Shop),F,B,F,F,F,F,110000
Zuoying,Store (Shop),F,E,F,F,F,F,110000
Lingya,Townhouse,F,F,F,F,F,F,110000
Sanmin,Townhouse,F,J,T,F,T,F,110000
Qianjin,Townhouse,F,J,F,F,F,F,110000
Qianjin,Townhouse,F,J,T,F,F,F,110000
Zuoying,Residential Building,T,I,F,F,T,F,115000
Sanmin,Store (Shop),F,J,F,F,F,F,115000
Fengshan,Store (Shop),F,E,F,F,T,F,120000
Lingya,Townhouse,F,F,F,F,F,F,120000
Zuoying,Store (Shop),F,J,F,F,F,F,120000
Sinsing,Store (Shop),F,J,F,T,F,Flat,120000
Sanmin,Store (Shop),F,I,F,F,T,F,125000
Sinsing,Townhouse,F,J,F,F,F,F,126000
Sanmin,Residential Building,T,J,F,F,T,Flat,128000
Zuoying,Store (Shop),F,G,F,F,F,F,130000
Lingya,Townhouse,F,J,F,F,T,F,130000
Zuoying,Store (Shop),F,J,F,F,F,F,130000
Lingya,Townhouse,F,I,T,F,F,F,135000
Nanzi,Townhouse,F,J,F,F,T,F,135000
Sanmin,Store (Shop),F,J,T,F,T,F,140000
Zuoying,Residential Building,T,J,F,T,T,Flat,150000
Zuoying,Store (Shop),F,J,F,F,F,F,150000
Zuoying,Townhouse,F,J,F,F,F,F,150000
Sinsing,Townhouse,F,J,T,F,F,F,160000
Sinsing,Townhouse,F,J,F,F,F,F,170000
Gushan,Store (Shop),F,J,T,T,F,F,180000
Qianzhen,Store (Shop),F,J,T,T,F,F,180000
Sanmin,Store (Shop),F,J,F,F,T,F,180000
Sanmin,Store (Shop),F,J,F,F,F,F,180000
Gangshan,Store (Shop),F,J,F,F,F,F,230000
Qianjin,Store (Shop),F,J,F,F,F,F,240000
Zuoying,Townhouse,F,J,F,F,F,F,250000
Qianzhen,Townhouse,F,J,F,F,F,F,315142
Sinsing,Store (Shop),F,G,F,F,T,F,560000
Zuoying,Store (Shop),F,J,F,F,F,F,600000
