苓雅區,土地,成功段451~480地號,193.48,商,1050729,土地1建物0車位0,,,其他,,,,0,0,0,0,有,無,無,25000,129,,0,0,,RPVNMLLJQHLFFBE48CC
前金區,房地(土地+建物)+車位,高雄市前金區七賢二路271~300號,10.86,商,1050728,土地1建物1車位1,十四層,15,住宅大樓(11層含以上有電梯),住家用,鋼筋混凝土造,1010926,161.45,3,2,2,有,有,有,27000,167,坡道平面,19.3,0,,RPPOMLLJQHLFFAE87CC
前金區,房地(土地+建物),高雄市前金區自立橫路91~120號,11.31,商,1050725,土地1建物1車位0,十三層,15,住宅大樓(11層含以上有電梯),住家用,鋼筋混凝土造,950303,123.78,3,1,1,有,有,有,16500,133,,0,0,,RPQOMLLJQHLFFAE97CC
前鎮區,房地(土地+建物)+車位,高雄市前鎮區中華五路751~780號,37.07,住,1050728,土地1建物1車位1,十二層,27,住宅大樓(11層含以上有電梯),住家用,見其它登記事項,1000622,346.25,5,2,2,有,有,有,65000,188,坡道平面,30.79,0,,RPOOMLLJQHLFFCE97CC
左營區,房地(土地+建物),高雄市左營區文康路31~60號,30.35,住,1050722,土地2建物1車位0,十一層,13,住宅大樓(11層含以上有電梯),住家用,鋼筋混凝土造,1030429,74.98,3,2,2,有,有,有,26000,347,,0,0,,RPOOMLLJQHLFFEE18CC
三民區,房地(土地+建物)+車位,高雄市三民區建國三路331~360號,13.95,商,1050729,土地1建物1車位1,十一層,29,住宅大樓(11層含以上有電梯),住家用,鋼骨鋼筋混凝土造,1021112,310.84,3,2,3,有,有,有,45000,145,坡道平面,21.4,0,,RPUOMLLJQHLFFDE68CC
三民區,房地(土地+建物),高雄市三民區十全二路241~270號,74,商,1050711,土地1建物1車位0,全,3,透天厝,住商用,加強磚造,601227,202.77,5,2,3,有,無,無,20000,99,,0,0,,RPWPMLLJQHLFFDE98CC
大社區,建物,高雄市大社區大仁路61巷1~30號,53,住,1050730,土地0建物1車位0,全,4,透天厝,住家用,鋼筋混凝土造,790510,164.7,6,2,3,有,無,有,13000,79,,0,0,,RPRNMLLJQHLFFIE78CC
左營區,房地(土地+建物),高雄市左營區重平路1~30號,10.53,商,1050801,土地1建物1車位0,五層,15,住宅大樓(11層含以上有電梯),住家用,鋼筋混凝土造,941012,112.22,3,2,2,有,有,有,15000,134,,0,0,,RPTNMLMJQHLFFEE68CC
左營區,房地(土地+建物)+車位,高雄市左營區光興街58巷1~30號,21.32,住,1050731,土地1建物1車位1,十八層,19,住宅大樓(11層含以上有電梯),住家用,鋼筋混凝土造,860122,201.41,3,2,2,有,有,有,22000,109,坡道平面,0,0,租金含車位,RPXPMLMJQHLFFEE66CC
苓雅區,建物,高雄市苓雅區新光路62巷1~30號,0,商,1050725,土地0建物1車位0,二十五層,35,住宅大樓(11層含以上有電梯),住家用,鋼筋混凝土造,860421,129.6,2,2,2,有,有,有,13000,100,,0,0,,RPUOMLMJQHLFFBE58CC
鼓山區,房地(土地+建物)+車位,高雄市鼓山區美術東六街121~150號,13.24,住,1050717,土地1建物1車位1,七層,15,住宅大樓(11層含以上有電梯),住家用,鋼筋混凝土造,951101,126.23,3,2,2,有,無,有,22600,179,坡道平面,6.51,0,,RPROMLNJQHLFFAE28CC
鼓山區,房地(土地+建物),高雄市鼓山區美術北五街31~60號,18.53,住,1050723,土地1建物1車位0,十層,12,住宅大樓(11層含以上有電梯),住家用,鋼筋混凝土造,920814,124.2,3,2,2,有,無,有,18000,145,,0,0,,RPVOMLNJQHLFFAE68CC
鼓山區,房地(土地+建物),高雄市鼓山區華寧街31~60號,67,住,1050801,土地1建物1車位0,夾層,13,住宅大樓(11層含以上有電梯),住商用,鋼筋混凝土造,830721,10.9,0,0,0,無,無,有,13500,1239,,0,0,,RPWOMLNJQHLFFAE78CC
左營區,房地(土地+建物),高雄市左營區文川路61~90號,76.27,住,1050727,土地1建物1車位0,見其它登記事項,5,店面(店鋪),住商用,鋼筋混凝土造,950616,242.26,5,2,0,有,無,無,33000,136,,0,0,,RPWNMLNJQHLFFEE09CC
鳳山區,房地(土地+建物),高雄市鳳山區中崙二路582巷1~30號,41.29,住,1050718,土地1建物1車位0,六層,7,華廈(10層含以下有電梯),住家用,鋼筋混凝土造,830818,122.94,3,2,2,有,無,無,8400,68,,0,0,,RPRPMLNJQHLFFGE98CC
鳳山區,房地(土地+建物),高雄市鳳山區文武街121~150號,19.66,住,1050801,土地1建物1車位0,三層,5,公寓(5樓含以下無電梯),住家用,鋼筋混凝土造,701130,62.28,3,2,1,有,無,無,8500,136,,0,0,,RPWNMLOJQHLFFGE76CC
苓雅區,建物,高雄市苓雅區新光路62巷1~30號,0,商,1050729,土地0建物1車位0,二十九層,35,住宅大樓(11層含以上有電梯),住家用,鋼筋混凝土造,860421,113.28,3,2,2,有,有,有,12000,106,,0,0,,RPSNMLOJQHLFFBE48CC
新興區,房地(土地+建物),高雄市新興區復興一路61~90號,6.8,商,1050803,土地1建物1車位0,十三層,16,住宅大樓(11層含以上有電梯),住家用,鋼筋混凝土造,830407,84.73,2,1,1,有,有,有,5500,65,,0,0,,RPOOMLOJQHLFFBE18CC
前鎮區,建物,高雄市前鎮區中華五路969巷2弄1~30號,0,其他,1050728,土地0建物1車位0,九層,12,住宅大樓(11層含以上有電梯),住家用,鋼筋混凝土造,830809,129.61,3,2,2,有,有,有,10000,77,,0,0,,RPVNMLPJQHLFFCE98CC
三民區,房地(土地+建物),高雄市三民區大港街1~30號,60.37,商,1050804,土地1建物1車位0,全,2,透天厝,住商用,加強磚造,561009,88.53,0,0,0,無,無,無,15000,169,,0,0,,RPROMLPJQHLFFDE78CC
岡山區,房地(土地+建物),高雄市岡山區介壽西路61~90號,3.34,住,1050804,土地1建物1車位0,四層,7,華廈(10層含以下有電梯),住家用,鋼筋混凝土造,810601,27.62,2,1,1,有,無,無,5000,181,,0,0,,RPSNMLPJQHLFFFE98CC
岡山區,房地(土地+建物),高雄市岡山區仁壽路211~240號,128,住,1050805,土地2建物2車位0,全,3,透天厝,住家用,加強磚造,621231,65.2,0,2,2,有,無,無,18000,276,,0,0,共二個門牌號,RPTNMLPJQHLFFFE56DC
鳳山區,建物,高雄市鳳山區八德路151~180號,26.19,住,1050805,土地0建物1車位0,見其他登記事項,13,店面(店鋪),住商用,鋼筋混凝土造,871210,206.8,3,2,3,有,無,有,20000,97,,0,0,,RPQNMLQJQHLFFGE98CC
前鎮區,房地(土地+建物)+車位,高雄市前鎮區中華五路1411~1440號,16.76,商,1050806,土地1建物1車位0,四層,14,住宅大樓(11層含以上有電梯),住家用,鋼筋混凝土造,950314,150.03,3,2,2,有,無,有,20000,133,坡道平面,24.17,0,,RPQNMLQJQHLFFCE58CC
旗津區,房地(土地+建物),高雄市旗津區旗津三路301~330號,316,商,1050801,土地1建物1車位0,一層,2,店面(店鋪),住商用,鋼筋混凝土造,980109,116.87,0,0,0,無,無,無,45000,385,,0,0,,RPPNMLQJQHLFFAE28CC
鼓山區,房地(土地+建物)+車位,高雄市鼓山區裕國街331~360號,13.03,住,1050711,土地1建物1車位1,五層,14,住宅大樓(11層含以上有電梯),住家用,鋼筋混凝土造,931104,80.61,2,1,1,有,有,有,16500,205,坡道平面,18.63,0,,RPXOMLSJQHLFFAE76CC
前鎮區,房地(土地+建物),高雄市前鎮區景德路1~30號,46.8,住,1050806,土地1建物1車位0,一層,5,公寓(5樓含以下無電梯),住家用,鋼筋混凝土造,700923,78.86,2,1,2,有,無,有,29000,368,,0,0,公寓一樓含夾層,RPRNMLSJQHLFFCE88CC
前鎮區,房地(土地+建物),高雄市前鎮區中山二路181~210號,5.94,住,1050805,土地1建物1車位0,二層,15,住宅大樓(11層含以上有電梯),住家用,鋼筋混凝土造,1000125,78.25,1,1,1,有,無,有,20000,256,,0,0,,RPVNMLSJQHLFFCE66CC
鳳山區,房地(土地+建物),高雄市鳳山區光復路一段91~120號,21.61,住,1050805,土地1建物1車位0,十一層,13,住宅大樓(11層含以上有電梯),住家用,鋼筋混凝土造,880308,131.45,2,2,1,有,有,有,10000,76,,0,0,,RPPOMLSJQHLFFGE56CC
鳳山區,房地(土地+建物),高雄市鳳山區鳳南路121~150號,67,住,1050808,土地1建物1車位0,見其他登記事項,2,店面(店鋪),住商用,加強磚造,620615,102.97,0,0,0,無,無,無,23000,223,,0,0,,RPUOMLSJQHLFFGE07CC
旗山區,房地(土地+建物),高雄市旗山區泰安街61~90號,63.57,商,1050805,土地1建物1車位0,全,3,透天厝,住商用,鋼筋混凝土造,761228,154.35,3,1,1,有,無,無,8000,52,,0,0,整棟出租.1層及2層較有使用.3層使用機率較少,RPRNMLSJQHLFFHE86DC
旗山區,房地(土地+建物),高雄市旗山區泰安街61~90號,63.65,商,1050805,土地1建物1車位0,全,3,透天厝,住商用,鋼筋混凝土造,761228,154.35,4,1,1,有,無,無,8000,52,,0,0,整棟出租.1層及2層較有使用.3層使用機率較少,RPSNMLSJQHLFFHE96DC
大社區,房地(土地+建物),高雄市大社區大社里中山路211~240號,99,住,1050712,土地1建物1車位0,全,3,透天厝,住商用,鋼筋混凝土造,650607,181.6,3,1,3,有,無,有,36000,198,,0,0,1050712-1050731免租裝潢期1050801-1060731租金每月360001060801-1070731租金每月380001070801-1090731租金每月400001090801-1110731租金每月420001110801-1130731租金每月440001130801-1150731租金每月45000,RPSNMLTJQHLFFIE07CC
鼓山區,房地(土地+建物)+車位,高雄市鼓山區文信路241~270號,15.04,商,1050810,土地1建物1車位1,十層,15,住宅大樓(11層含以上有電梯),住家用,鋼筋混凝土造,1020604,196.29,3,2,2,有,有,無,28000,143,坡道平面,16.59,0,,RPTNMLKKQHLFFAE18CC
前金區,房地(土地+建物),高雄市前金區河南二路151~180號,13.3,住,1050801,土地1建物1車位0,十八層,24,住宅大樓(11層含以上有電梯),住家用,鋼筋混凝土造,841219,143.58,3,2,2,有,有,有,23000,160,,0,0,,RPUNMLKKQHLFFAE28CC
前鎮區,房地(土地+建物),高雄市前鎮區新光路1~30號,1.28,住,1050728,土地1建物1車位0,九層,39,住宅大樓(11層含以上有電梯),住家用,見其它登記事項,880209,39.59,1,1,1,有,有,有,8000,202,,0,0,,RPRNMLKKQHLFFCE18CC
小港區,房地(土地+建物),高雄市小港區高坪1~30號,85.37,住,1050805,土地1建物1車位0,全,4,透天厝,住家用,鋼筋混凝土造,940715,164.03,3,2,3,有,無,有,12500,76,,0,0,,RPTNMLKKQHLFFCE38CC
前鎮區,房地(土地+建物),高雄市前鎮區新光路1~30號,2.13,住,1050802,土地1建物1車位0,十九層,37,住宅大樓(11層含以上有電梯),住家用,見其它登記事項,880209,65.73,2,1,1,有,無,有,11800,180,,0,0,,RPUNMLKKQHLFFCE48CC
苓雅區,房地(土地+建物)+車位,高雄市苓雅區和平一路61~90號,23.15,住,1050804,土地1建物1車位1,十三層,14,住宅大樓(11層含以上有電梯),住家用,鋼筋混凝土造,941206,220.7,3,2,2,有,有,有,42000,190,坡道平面,35.28,0,,RPRSMLKKQHLFFBE58CC
苓雅區,建物,高雄市苓雅區仁義街1~30號,0,商,1050802,土地0建物1車位1,十層,14,住宅大樓(11層含以上有電梯),住家用,鋼筋混凝土造,930303,93.8,2,2,1,有,無,有,19000,203,坡道機械,5.31,0,,RPOTMLKKQHLFFBE38CC
新興區,建物,高雄市新興區球庭路61~90號,0,商,1050725,土地0建物1車位0,七層,14,住宅大樓(11層含以上有電梯),住家用,鋼筋混凝土造,1010509,81.56,2,2,1,有,有,有,16000,196,,0,0,,RPOUMLKKQHLFFBE48CC
鳳山區,房地(土地+建物),高雄市鳳山區八德路二段151~180號,23.7,住,1050727,土地1建物1車位0,四層,16,住宅大樓(11層含以上有電梯),住家用,鋼筋混凝土造,830420,158.02,4,2,2,有,有,無,17160,109,,0,0,,RPROMLKKQHLFFGE68CC
三民區,房地(土地+建物)+車位,高雄市三民區建國三路331~360號,13.43,商,1050803,土地1建物1車位1,二十四層,29,住宅大樓(11層含以上有電梯),住家用,鋼骨鋼筋混凝土造,1021112,285.8,3,2,3,有,有,有,30000,105,坡道平面,21.4,0,,RPTOMLKKQHLFFDE58CC
左營區,房地(土地+建物)+車位,高雄市左營區自勉路121~150號,24.17,住,1050801,土地1建物1車位1,十層,15,住宅大樓(11層含以上有電梯),住家用,鋼筋混凝土造,970108,202.82,2,2,2,有,無,有,22555,111,坡道平面,7.76,0,,RPWOMLKKQHLFFEE98CC
左營區,房地(土地+建物)+車位,高雄市左營區東門路131巷1~30號,9.59,住,1050808,土地1建物1車位1,四層,14,住宅大樓(11層含以上有電梯),住家用,鋼筋混凝土造,971105,91.52,2,1,1,有,無,有,20000,219,坡道平面,13.39,0,,RPOPMLKKQHLFFEE28CC
前鎮區,房地(土地+建物),高雄市前鎮區正勤路1~30號,86.25,住,1050810,土地1建物1車位0,一層,14,店面(店鋪),住商用,鋼筋混凝土造,910619,117.36,0,0,0,無,無,無,30000,256,,0,0,,RPVNMLLKQHLFFCE68CC
路竹區,房地(土地+建物),高雄市路竹區中山路481~510號,62.8,住,1050720,土地1建物1車位0,二層,2,套房(1房1廳1衛),住家用,鋼筋混凝土造,790410,11.6,1,0,1,有,無,有,4000,345,,0,0,,RPWNMLLKQHLFFJE86CC
前鎮區,房地(土地+建物),高雄市前鎮區民權二路211~240號,10.65,商,1050806,土地1建物1車位0,二十二層,27,住宅大樓(11層含以上有電梯),住家用,鋼筋混凝土造,860527,68.05,4,2,2,有,有,有,18000,265,,0,0,"租金18000元/月,此租金含管理費2280元/月",RPQNMLMKQHLFFCE28CC
前鎮區,房地(土地+建物)+車位,高雄市前鎮區中華五路751~780號,33.13,住,1050810,土地1建物1車位1,十六層,27,住宅大樓(11層含以上有電梯),住家用,見其它登記事項,1000622,295.29,3,2,2,有,有,有,80000,271,坡道平面,30.79,0,,RPPOMLMKQHLFFCE28CC
鼓山區,建物,高雄市鼓山區美術南五街271~300號,49.25,住,1050726,土地0建物1車位0,十四層,15,住宅大樓(11層含以上有電梯),住家用,鋼筋混凝土造,1011025,77.25,2,1,1,有,有,有,17000,220,,0,0,,RPSNMLMKQHLFFAE28CC
苓雅區,建物,高雄市苓雅區同慶路91~120號,0,住,1050725,土地0建物1車位0,見其他登記事項,12,店面(店鋪),住商用,鋼筋混凝土造,930705,342.67,0,2,2,有,有,無,70000,204,,0,0,分段式租金105/9-107/9每月70000元，107/10-110/9每月73000元,RPUOMLMKQHLFFBE68CC
三民區,房地(土地+建物)+車位,高雄市三民區天祥二路1~30號,10.44,住,1050717,土地1建物1車位1,八層,15,住宅大樓(11層含以上有電梯),住家用,鋼筋混凝土造,1030831,90.49,2,1,1,有,有,無,18000,199,坡道平面,23.23,0,,RPWOMLMKQHLFFDE09CC
鳳山區,建物,高雄市鳳山區錦田路151~180號,25.92,,1050813,土地0建物1車位0,三層,4,公寓(5樓含以下無電梯),住家用,鋼筋混凝土造,671130,66.6,3,1,1,有,無,有,6500,98,,0,0,,RPPNMLNKQHLFFGE68CC
鳳山區,建物,高雄市鳳山區南華路1巷2弄1~30號,25.2,,1050815,土地0建物1車位0,四層,5,公寓(5樓含以下無電梯),住家用,鋼筋混凝土造,680523,58.1,3,1,1,有,無,有,6000,103,,0,0,,RPXOMLPKQHLFFGE17CC
左營區,房地(土地+建物),高雄市左營區自由二路301~330號,21.5,商,1050721,土地1建物1車位0,一層,12,店面(店鋪),住商用,鋼筋混凝土造,811027,50.97,0,0,1,有,無,有,20000,392,,0,0,,RPWNMLPKQHLFFEE76CC
左營區,建物,高雄市左營區保靖街31~60號,55.24,,1050815,土地0建物1車位0,十四層,15,住宅大樓(11層含以上有電梯),住家用,鋼筋混凝土造,1031104,110.29,2,1,1,有,有,有,24500,222,,0,0,含管含車位,RPUOMLPKQHLFFEE66CC
苓雅區,房地(土地+建物),高雄市苓雅區光華一路301~330號,3.24,商,1050717,土地1建物1車位0,十二層,14,住宅大樓(11層含以上有電梯),住家用,鋼筋混凝土造,860709,37.22,1,1,1,有,有,有,8000,215,,0,0,,RPUNMLPKQHLFFBE88CC
鼓山區,建物,高雄市鼓山區文信路181~210號,5.25,住,1050731,土地0建物1車位0,七層,14,住宅大樓(11層含以上有電梯),住家用,鋼筋混凝土造,901008,47.8,2,1,1,有,有,有,14950,313,,0,0,,RPPNMLQKQHLFFAE38CC
前鎮區,房地(土地+建物),高雄市前鎮區一心二路181~210號,2.42,住,1050814,土地1建物1車位0,十層,20,住宅大樓(11層含以上有電梯),住家用,鋼筋混凝土造,831001,40.82,1,1,1,有,無,有,8000,196,,0,0,,RPPNMLQKQHLFFCE58CC
左營區,建物,高雄市左營區富民路421~450號,0,其他,1050717,土地0建物1車位0,十三層,16,住宅大樓(11層含以上有電梯),住家用,見其它登記事項,870921,136.48,3,2,2,有,有,有,12000,88,,0,0,土地屬高雄市政府,RPQOMLQKQHLFFEE98CC
左營區,房地(土地+建物),高雄市左營區新榮街151~180號,17.88,住,1050718,土地1建物1車位0,十三層,13,住宅大樓(11層含以上有電梯),住家用,鋼筋混凝土造,960404,142.6,3,2,2,有,有,有,18500,130,,0,0,,RPROMLQKQHLFFEE09CC
楠梓區,房地(土地+建物),高雄市楠梓區德賢路380巷1~30號,68.76,商,1050812,土地2建物1車位0,全,4,透天厝,住商用,鋼筋混凝土造,831228,209.82,4,2,4,有,無,無,21000,100,,0,0,,RPWOMLQKQHLFFEE96CC
左營區,建物,高雄市左營區立文路91~120號,0,商,1050816,土地0建物1車位0,一層,15,住宅大樓(11層含以上有電梯),住商用,鋼筋混凝土造,1030327,303.87,0,0,0,無,有,有,150000,494,坡道平面,29.27,0,,RPPPMLQKQHLFFEE98CC
三民區,房地(土地+建物),高雄市三民區正興路1~30號,12.2,商,1050815,土地1建物1車位0,十層,25,住宅大樓(11層含以上有電梯),住家用,鋼筋混凝土造,810514,184.87,4,2,2,有,有,無,14000,76,,0,0,,RPXNMLQKQHLFFDE86CC
三民區,建物,高雄市三民區明誠一路331~360號,0,住,1050801,土地0建物0車位0,一層,5,店面(店鋪),住商用,鋼筋混凝土造,921219,57.42,0,1,1,有,無,無,25000,435,,0,0,,RPOOMLRKQHLFFDE78CC
左營區,建物,高雄市左營區孟子路601~630號,0,商,1050805,土地0建物1車位0,十層,16,住宅大樓(11層含以上有電梯),住家用,鋼筋混凝土造,840511,144.26,1,1,1,有,有,無,15000,104,,0,0,,RPORMLRKQHLFFEE56CC
左營區,建物,高雄市左營區華夏路211~240號,0,住,1050802,土地0建物1車位0,見其它登記事項,5,店面(店鋪),住商用,鋼筋混凝土造,830825,361.71,4,5,5,有,無,無,48000,133,,0,0,,RPQRMLRKQHLFFEE76CC
楠梓區,房地(土地+建物),高雄市楠梓區軍校路691~720號,27.57,住,1050808,土地1建物1車位0,三層,13,住宅大樓(11層含以上有電梯),住商用,鋼筋混凝土造,790914,237.54,3,2,2,有,無,無,20000,84,,0,0,,RPURMLRKQHLFFEE17CC
苓雅區,建物,高雄市苓雅區新光路62巷1~30號,0,商,1050722,土地0建物1車位0,二十一層,35,住宅大樓(11層含以上有電梯),住家用,鋼筋混凝土造,860421,144.28,3,2,2,有,有,有,15000,104,,0,0,,RPUOMLRKQHLFFBE56CC
新興區,房地(土地+建物)+車位,高雄市新興區七賢一路151~180號,10.72,住,1050808,土地1建物1車位1,十二層,24,住宅大樓(11層含以上有電梯),住家用,鋼筋混凝土造,981005,281.14,4,2,3,有,有,有,55000,196,坡道平面,22.44,0,,RPWNMLSKQHLFFBE76CC
鼓山區,房地(土地+建物),高雄市鼓山區慶豐街1~30號,97,住,1050720,土地1建物1車位0,全,5,透天厝,住商用,鋼筋混凝土造,990908,85.63,1,2,1,有,無,無,45000,526,,0,0,僅租賃透天中的1和2樓,RPTOMLSKQHLFFAE09CC
鼓山區,房地(土地+建物)+車位,高雄市鼓山區美術北三路211~240號,16.77,住,1050721,土地1建物1車位1,九層,15,住宅大樓(11層含以上有電梯),住家用,鋼筋混凝土造,970425,119.21,3,2,2,有,有,有,24000,201,升降機械,6.71,0,,RPVOMLSKQHLFFAE66CC
左營區,建物,高雄市左營區博愛二路1~30號,0,住,1050809,土地0建物1車位0,全,5,透天厝,住家用,鋼筋混凝土造,971209,759.54,0,0,0,無,無,無,50000,66,,0,0,土地持分未分割,RPSNMLSKQHLFFEE66CC
左營區,建物,高雄市左營區文川路211~240號,55.53,商,1050815,土地0建物1車位0,八層,15,住宅大樓(11層含以上有電梯),住家用,見其它登記事項,1030716,93.93,2,1,1,有,有,有,18000,192,,0,0,,RPQQMLSKQHLFFEE76CC
左營區,房地(土地+建物)+車位,高雄市左營區重愛路241~270號,9.96,商,1050727,土地1建物1車位1,二十四層,25,住宅大樓(11層含以上有電梯),住家用,鋼筋混凝土造,1021202,205.28,3,2,2,有,有,有,38000,185,坡道機械,10.55,0,,RPXQMLSKQHLFFEE47CC
三民區,房地(土地+建物),高雄市三民區大德街91~120號,12.07,住,1050812,土地1建物1車位0,四層,7,華廈(10層含以下有電梯),住家用,鋼筋混凝土造,830203,72.54,2,1,1,有,無,有,8500,117,,0,0,,RPVOMLTKQHLFFDE07CC
左營區,房地(土地+建物)+車位,高雄市左營區城峰路1~30號,19.81,住,1050816,土地1建物1車位0,十五層,15,住宅大樓(11層含以上有電梯),住家用,鋼筋混凝土造,970410,183.63,4,2,2,有,有,有,28000,152,坡道平面,18.1,0,,RPRNMLTKQHLFFEE66CC
左營區,建物,高雄市左營區自由二路121~150號,0,住,1050723,土地0建物1車位1,八層,14,住宅大樓(11層含以上有電梯),住家用,鋼筋混凝土造,800703,210.32,4,2,2,有,有,無,14000,67,坡道平面,0,0,,RPPPMLTKQHLFFEE66CC
鼓山區,房地(土地+建物),高雄市鼓山區青海路61~90號,11.55,住,1050813,土地1建物1車位0,十層,14,住宅大樓(11層含以上有電梯),住家用,鋼筋混凝土造,940202,86.07,2,2,1,有,有,有,15000,174,,0,0,,RPQNMLTKQHLFFAE78CC
前金區,房地(土地+建物),高雄市前金區中華三路91~120號,2.55,住,1050802,土地1建物1車位0,十二層,15,住宅大樓(11層含以上有電梯),住家用,鋼筋混凝土造,1040703,91.28,2,2,1,有,有,有,29000,318,,0,0,,RPUNMLTKQHLFFAE56CC
前鎮區,房地(土地+建物),高雄市前鎮區民權二路511~540號,18.79,住,1050722,土地1建物1車位0,六層,29,住宅大樓(11層含以上有電梯),住家用,鋼筋混凝土造,970307,396.9,5,2,4,有,有,有,85000,214,,0,0,,RPQNMLTKQHLFFCE98CC
前鎮區,房地(土地+建物)+車位,高雄市前鎮區中山二路181~210號,16.18,商,1050723,土地1建物1車位0,六層,29,住宅大樓(11層含以上有電梯),住家用,鋼筋混凝土造,1030715,240.75,4,2,2,有,有,有,60000,249,坡道平面,41.03,0,,RPRNMLTKQHLFFCE09CC
新興區,房地(土地+建物)+車位,高雄市新興區民生二路31~60號,10.25,商,1050812,土地2建物1車位1,十一層,30,住宅大樓(11層含以上有電梯),住家用,見其他登記事項,900326,313.59,4,2,2,有,有,有,43000,137,坡道平面,14.5,0,,RPPNMLTKQHLFFBE78CC
苓雅區,房地(土地+建物)+車位,高雄市苓雅區中正一路211~240號,13.1,商,1050816,土地1建物1車位1,三層,29,住宅大樓(11層含以上有電梯),住家用,鋼筋混凝土造,1010705,248.63,4,2,2,有,有,有,40000,161,坡道平面,16.55,0,,RPSNMLTKQHLFFBE09CC
前鎮區,房地(土地+建物),高雄市前鎮區瑞隆路601~630號,111,住,1050815,土地1建物1車位0,全,2,透天厝,住家用,加強磚造,580701,141.97,2,2,2,有,無,無,33000,232,,0,0,,RPPNMLKLQHLFFCE08CC
鳳山區,房地(土地+建物),高雄市鳳山區鎮東路91~120號,22.46,住,1050817,土地1建物1車位0,一層,5,公寓(5樓含以下無電梯),住家用,鋼筋混凝土造,700421,66.62,3,2,2,有,無,有,6000,90,,0,0,,RPPNMLKLQHLFFGE48CC
林園區,房地(土地+建物),高雄市林園區溪州二路301~330號,72,住,1050812,土地1建物1車位0,全,4,透天厝,住家用,鋼筋混凝土造,810706,193.56,4,2,3,有,無,有,7000,36,,0,0,,RPPNMLKLQHLFFLE98CC
鳳山區,房地(土地+建物),高雄市鳳山區中崙二路580巷1~30號,35.91,商,1050820,土地1建物1車位0,五層,7,華廈(10層含以下有電梯),住家用,鋼筋混凝土造,830818,108.42,3,2,1,有,無,無,9000,83,,0,0,,RPTNMLMLQHLFFGE09CC
三民區,房地(土地+建物),高雄市三民區建工路421~450號,335,商,1050822,土地2建物2車位0,一層,4,店面(店鋪),住商用,鋼筋混凝土造,650203,310.5,0,0,0,無,無,無,115000,370,,0,0,,RPROMLMLQHLFFDE68CC
左營區,房地(土地+建物)+車位,高雄市左營區重建路31~60號,15.88,商,1050818,土地1建物1車位1,十層,14,住宅大樓(11層含以上有電梯),住家用,鋼筋混凝土造,931129,155.58,3,2,2,有,有,有,13162,85,坡道平面,14.2,0,,RPPPMLMLQHLFFEE68CC
苓雅區,房地(土地+建物),高雄市苓雅區新光路62巷1~30號,5.42,住,1050816,土地1建物1車位0,十九層,35,住宅大樓(11層含以上有電梯),住家用,鋼筋混凝土造,860421,127.36,3,2,2,有,無,有,16000,126,,0,0,,RPTNMLMLQHLFFBE58CC
前金區,建物,高雄市前金區新盛二街61~90號,3000,商,1050823,土地0建物1車位0,十層,15,住宅大樓(11層含以上有電梯),住家用,鋼筋混凝土造,950303,111.54,3,1,1,有,無,無,16000,143,,0,0,,RPPNMLNLQHLFFAE18CC
楠梓區,建物,高雄市楠梓區德賢路541~570號,11.58,住,1050818,土地0建物1車位0,九層,15,住宅大樓(11層含以上有電梯),住家用,鋼筋混凝土造,1000913,87.48,3,2,1,有,有,有,15000,171,坡道平面,18.65,0,,RPRNMLNLQHLFFEE78CC
左營區,房地(土地+建物),高雄市左營區自由二路301~330號,272,商,1050817,土地1建物1車位0,一層,4,店面(店鋪),住商用,鋼筋混凝土造,980410,151.06,0,0,0,無,無,無,130000,861,,0,0,,RPTOMLNLQHLFFEE09CC
左營區,建物,高雄市左營區自由二路91~120號,0,,1050726,土地0建物1車位0,二層,11,住宅大樓(11層含以上有電梯),住家用,鋼筋混凝土造,860303,72.5,2,2,1,有,有,無,7000,97,,0,0,,RPPPMLNLQHLFFEE78CC
大寮區,建物,高雄市大寮區中正路61~90號,0,住,1050808,土地0建物1車位0,全,2,透天厝,住家用,加強磚造,610210,26.44,1,0,0,無,無,有,8000,303,,0,0,,RPSNMLOLQHLFFLE17DC
左營區,房地(土地+建物),高雄市左營區文川路181~210號,17.01,商,1050818,土地1建物2車位0,一層,15,店面(店鋪),住商用,鋼筋混凝土造,991228,242.89,0,0,0,無,無,無,55000,226,,0,0,,RPXOMLOLQHLFFEE96CC
左營區,房地(土地+建物),高雄市左營區博愛三路91~120號,8.96,住,1050728,土地1建物1車位0,八層,15,住宅大樓(11層含以上有電梯),住家用,鋼筋混凝土造,941114,87.19,2,1,1,有,有,有,12000,138,,0,0,,RPPPMLOLQHLFFEE88CC
左營區,房地(土地+建物),高雄市左營區新莊一路271~300號,11.36,住,1050728,土地1建物1車位0,九層,13,住宅大樓(11層含以上有電梯),住家用,鋼筋混凝土造,950505,109.47,3,2,2,有,有,有,15700,143,,0,0,,RPRPMLOLQHLFFEE09CC
左營區,房地(土地+建物),高雄市左營區博愛三路1~30號,14.7,住,1050805,土地1建物1車位0,五層,24,住宅大樓(11層含以上有電梯),住家用,鋼筋混凝土造,811111,238.03,4,2,3,有,有,有,20000,84,,0,0,,RPTPMLOLQHLFFEE66CC
前金區,建物,高雄市前金區中華三路61~90號,0,商,1050731,土地0建物1車位0,七層,14,住宅大樓(11層含以上有電梯),住家用,鋼筋混凝土造,860714,64.53,2,1,1,有,有,有,3500,54,,0,0,,RPQNMLOLQHLFFAE38CC
苓雅區,建物,高雄市苓雅區新光路62巷1~30號,0,商,1050822,土地0建物1車位0,二十四層,35,住宅大樓(11層含以上有電梯),住家用,鋼筋混凝土造,860421,113.37,3,2,2,有,有,有,12000,106,,0,0,,RPVNMLOLQHLFFBE98CC
苓雅區,建物,高雄市苓雅區新光路62巷1~30號,0,商,1050820,土地0建物1車位0,三十三層,35,住宅大樓(11層含以上有電梯),住家用,鋼筋混凝土造,860421,93.91,2,2,1,有,有,有,9000,96,,0,0,,RPWNMLOLQHLFFBE09CC
鼓山區,建物,高雄市鼓山區篤敬路31~60號,0,商,1050726,土地0建物1車位0,三層,19,住宅大樓(11層含以上有電梯),住商用,鋼筋混凝土造,841129,153.28,0,0,0,無,無,有,18000,117,,0,0,,RPSOMLPLQHLFFAE78CC
鼓山區,房地(土地+建物),高雄市鼓山區明誠三路421~450號,7.01,商,1050823,土地1建物1車位0,十三層,15,住宅大樓(11層含以上有電梯),住家用,鋼筋混凝土造,950823,78.04,2,1,1,有,有,有,14000,179,,0,0,,RPUOMLPLQHLFFAE98CC
鼓山區,房地(土地+建物),高雄市鼓山區龍勝路31~60號,13.9,商,1050823,土地2建物1車位0,二層,15,住宅大樓(11層含以上有電梯),住家用,鋼筋混凝土造,1001007,76.33,1,2,1,有,有,有,18000,236,,0,0,,RPVOMLPLQHLFFAE09CC
前金區,房地(土地+建物),高雄市前金區中華三路91~120號,2.28,商,1050808,土地1建物1車位0,六層,15,住宅大樓(11層含以上有電梯),住家用,鋼筋混凝土造,1040703,97.81,2,2,1,有,有,有,36000,368,,0,0,,RPWOMLPLQHLFFAE56CC
小港區,房地(土地+建物),高雄市小港區德仁路1~30號,98,住,1050821,土地1建物1車位0,全,3,透天厝,住商用,鋼筋混凝土造,780411,230.23,4,2,3,有,無,無,17000,74,,0,0,,RPQOMLPLQHLFFCE78CC
前鎮區,房地(土地+建物)+車位,高雄市前鎮區管仲南路331~360號,25.02,商,1050824,土地1建物1車位0,一層,15,住宅大樓(11層含以上有電梯),住家用,見其它登記事項,960126,281.29,6,2,2,有,有,有,42000,149,坡道平面,19.44,0,樓中樓，承租1+2樓,RPROMLPLQHLFFCE88CC
楠梓區,房地(土地+建物),高雄市楠梓區加昌路631~660號,28.39,住,1050825,土地1建物1車位0,見其它登記事項,10,住宅大樓(11層含以上有電梯),住商用,見使用執照,880903,184.8,2,2,3,有,無,無,18000,97,,0,0,,RPRNMLPLQHLFFEE98CC
左營區,建物,高雄市左營區太華街271~300號,0,住,1050819,土地0建物1車位0,一層,14,店面(店鋪),住商用,鋼筋混凝土造,810908,180.44,3,2,2,有,無,無,22000,122,,0,0,,RPPNMLQLQHLFFEE88CC
左營區,建物,高雄市左營區孟子路361~390號,0,商,1050812,土地0建物1車位1,六層,15,住宅大樓(11層含以上有電梯),住家用,鋼筋混凝土造,1011004,211.69,4,2,2,有,有,有,35000,165,坡道平面,20.65,0,,RPVNMLQLQHLFFEE86CC
小港區,房地(土地+建物)+車位,高雄市小港區高鳳路421~450號,15.76,住,1050809,土地1建物1車位1,三層,19,住宅大樓(11層含以上有電梯),住家用,鋼筋混凝土造,830629,214.27,5,2,2,有,有,有,18000,84,坡道平面,0,0,,RPTNMLQLQHLFFCE09CC
小港區,房地(土地+建物),高雄市小港區桂陽路301~330號,105,住,1050824,土地1建物1車位0,全,4,透天厝,住商用,鋼筋混凝土造,1001125,303.16,5,2,4,有,無,有,36000,119,,0,0,,RPVNMLQLQHLFFCE66CC
前鎮區,建物,高雄市前鎮區民權二路211~240號,0,商,1050825,土地0建物1車位0,見其它登記事項,27,住宅大樓(11層含以上有電梯),住商用,鋼筋混凝土造,860527,310.22,5,1,2,有,有,無,53600,173,,0,0,,RPQPMLQLQHLFFCE98CC
苓雅區,房地(土地+建物)+車位,高雄市苓雅區仁德街1~30號,12.42,商,1050801,土地1建物1車位1,五層,14,住宅大樓(11層含以上有電梯),住家用,鋼筋混凝土造,910717,113.15,4,2,2,有,有,有,30000,265,坡道平面,6.52,0,,RPRNMLQLQHLFFBE78CC
前鎮區,房地(土地+建物),高雄市前鎮區三多三路121~150號,2.29,商,1050729,土地1建物1車位0,九層,19,住宅大樓(11層含以上有電梯),住家用,鋼筋混凝土造,840327,46.16,1,1,1,有,有,有,6500,141,,0,0,,RPOPMLQLQHLFFCE88DC
岡山區,房地(土地+建物),高雄市岡山區中山北路126巷1~30號,192,住,1050815,土地1建物1車位0,全,4,透天厝,住商用,鋼筋混凝土造,970306,75.55,1,1,1,有,無,有,18000,238,,0,0,,RPPNMLRLQHLFFFE09CC
岡山區,房地(土地+建物),高雄市岡山區大仁南路151~180號,34.32,住,1050827,土地3建物1車位0,一層,16,住宅大樓(11層含以上有電梯),住商用,鋼筋混凝土造,851108,205.75,3,2,3,有,有,無,13000,63,,0,0,,RPRNMLRLQHLFFFE66CC
小港區,房地(土地+建物),高雄市小港區水秀路1~30號,16.14,住,1050826,土地1建物1車位0,一層,15,住宅大樓(11層含以上有電梯),住商用,鋼筋混凝土造,1021004,141.04,0,0,1,有,無,有,28000,199,,0,0,,RPXNMLTLQHLFFCE17CC
前鎮區,房地(土地+建物),高雄市前鎮區中華五路961~990號,102.48,其他,1050804,土地1建物1車位0,一層,12,店面(店鋪),住商用,鋼筋混凝土造,830809,94.04,0,0,0,無,有,無,20000,213,,0,0,,RPVOMLTLQHLFFCE07CC
前鎮區,房地(土地+建物),高雄市前鎮區中華五路961~990號,102.48,其他,1050804,土地1建物1車位0,二層,12,住宅大樓(11層含以上有電梯),住商用,鋼筋混凝土造,830809,438.97,0,0,0,無,有,無,25000,57,,0,0,,RPWOMLTLQHLFFCE17CC
左營區,房地(土地+建物),高雄市左營區正心街91~120號,14.61,商,1050827,土地1建物1車位0,六層,8,華廈(10層含以下有電梯),住家用,鋼筋混凝土造,780630,144.44,3,2,2,有,有,有,15090,104,,0,0,,RPPNMLTLQHLFFEE56CC
左營區,房地(土地+建物),高雄市左營區保靖街1~30號,136,商,1050812,土地1建物1車位0,三層,21,住宅大樓(11層含以上有電梯),住家用,鋼筋混凝土造,831210,173.2,3,2,2,有,有,無,19000,110,,0,0,,RPWNMLKMQHLFFEE09CC
左營區,房地(土地+建物),高雄市左營區文府路241~270號,79.47,住,1050731,土地1建物1車位0,全,4,透天厝,住商用,鋼筋混凝土造,911203,190.54,3,2,4,有,無,無,28000,147,,0,0,,RPOOMLKMQHLFFEE38CC
苓雅區,房地(土地+建物)+車位,高雄市苓雅區信守街91~120號,8.46,商,1050801,土地1建物1車位1,十九層,27,住宅大樓(11層含以上有電梯),住家用,鋼骨鋼筋混凝土造,890628,170.46,3,2,2,有,有,有,25000,147,坡道平面,27.52,0,,RPOOMLLMQHLFFBE18CC
岡山區,房地(土地+建物),高雄市岡山區中華路61~90號,88,商,1050830,土地1建物1車位0,見其他登記事項,3,店面(店鋪),住商用,加強磚造,640901,119.28,4,3,3,有,無,無,19000,159,,0,0,,RPWNMLLMQHLFFFE66CC
橋頭區,房地(土地+建物),高雄市橋頭區成功南路91~120號,28,住,1050901,土地1建物1車位0,全,2,透天厝,住家用,加強磚造,580801,54.6,1,1,2,有,無,無,9000,165,,0,0,,RPTNMLLJRHLFFFE78CC
三民區,房地(土地+建物),高雄市三民區民族巷1~30號,11.91,商,1050830,土地1建物1車位0,十二層,15,住宅大樓(11層含以上有電梯),住家用,鋼筋混凝土造,960604,158.59,3,2,2,有,有,有,22000,139,,0,0,,RPVOMLLJRHLFFDE88CC
左營區,房地(土地+建物)+車位,高雄市左營區新莊一路391~420號,26.32,住,1050825,土地1建物1車位2,十五層,15,住宅大樓(11層含以上有電梯),住家用,鋼筋混凝土造,970417,304.28,3,2,2,有,有,有,45000,148,坡道平面,66.2,0,,RPPOMLLJRHLFFEE38CC
左營區,房地(土地+建物),高雄市左營區博愛三路91~120號,11.56,住,1050831,土地1建物1車位0,八層,15,住宅大樓(11層含以上有電梯),住家用,鋼筋混凝土造,941114,110.2,3,2,2,有,有,有,20000,181,,0,0,,RPQOMLLJRHLFFEE48CC
左營區,房地(土地+建物),高雄市左營區新榮街151~180號,18.56,住,1050830,土地1建物1車位0,四層,11,住宅大樓(11層含以上有電梯),住家用,鋼筋混凝土造,940131,148.61,3,2,2,有,無,有,19000,128,,0,0,,RPSOMLLJRHLFFEE68CC
左營區,房地(土地+建物),高雄市左營區左營區立文路91~120號,6.24,商,1050830,土地1建物1車位0,十三層,15,住宅大樓(11層含以上有電梯),住家用,鋼筋混凝土造,1030327,84.06,2,1,1,有,有,有,22000,262,,0,0,,RPTOMLLJRHLFFEE78CC
左營區,房地(土地+建物),高雄市左營區立文路91~120號,6.7,商,1050811,土地1建物1車位0,十二層,15,住宅大樓(11層含以上有電梯),住家用,鋼筋混凝土造,1030327,85.37,2,2,1,有,無,有,22000,258,,0,0,,RPUOMLLJRHLFFEE88CC
左營區,房地(土地+建物)+車位,高雄市左營區明誠2路181~210號,24.3,住,1050830,土地1建物1車位1,十三層,14,住宅大樓(11層含以上有電梯),住家用,鋼筋混凝土造,821120,151.12,3,2,2,有,有,無,11000,73,坡道機械,0,0,,RPSPMLLJRHLFFEE78CC
苓雅區,房地(土地+建物),高雄市苓雅區中正一路271~300號,94,商,1050901,土地1建物1車位0,全,3,透天厝,住商用,加強磚造,610422,242.06,5,2,4,有,無,無,28000,116,,0,0,,RPPNMLLJRHLFFBE97CC
前鎮區,房地(土地+建物),高雄市前鎮區中華五路931~960號,31.53,住,1050819,土地1建物1車位0,七層,12,住宅大樓(11層含以上有電梯),住家用,鋼筋混凝土造,830809,140.14,3,2,2,有,有,有,11000,78,,0,0,,RPSNMLLJRHLFFCE38CC
前鎮區,房地(土地+建物)+車位,高雄市前鎮區中山二路181~210號,16.99,商,1050825,土地1建物1車位1,十層,29,住宅大樓(11層含以上有電梯),住家用,鋼筋混凝土造,1030715,287.3,4,2,2,有,無,有,68000,237,坡道平面,41.03,0,,RPQOMLLJRHLFFCE28CC
鼓山區,建物,高雄市鼓山區馬卡道路331~360號,0,,1050901,土地0建物1車位0,十五層,15,住宅大樓(11層含以上有電梯),住家用,鋼筋混凝土造,1040731,82.42,2,2,1,有,無,有,22000,267,,0,0,,RPVNMLLJRHLFFAE48CC
鼓山區,房地(土地+建物)+車位,高雄市鼓山區美術館路151~180號,34.42,住,1050831,土地1建物1車位1,三層,15,住宅大樓(11層含以上有電梯),住家用,鋼筋混凝土造,950505,243.89,4,2,2,有,無,有,50000,205,坡道平面,25.27,0,,RPQOMLLJRHLFFAE08CC
鼓山區,房地(土地+建物)+車位,高雄市鼓山區神農路151~180號,38.15,商,1050815,土地1建物1車位2,二十四層,24,住宅大樓(11層含以上有電梯),住家用,鋼筋混凝土造,970111,539.65,5,2,4,有,有,有,87000,161,坡道平面,64.42,0,,RPPNMLMJRHLFFAE97CC
鼓山區,房地(土地+建物),高雄市鼓山區文忠路91~120號,11.66,商,1050829,土地1建物1車位0,十二層,14,住宅大樓(11層含以上有電梯),住家用,鋼筋混凝土造,940520,115.27,3,2,2,有,無,有,18000,156,,0,0,,RPWNMLMJRHLFFAE68CC
鼓山區,房地(土地+建物)+車位,高雄市鼓山區富農路211~240號,11.87,其他,1050823,土地1建物1車位1,七層,15,住宅大樓(11層含以上有電梯),住家用,鋼筋混凝土造,940513,116.78,3,2,2,有,有,有,15000,128,坡道機械,6.7,0,,RPVOMLMJRHLFFAE68CC
左營區,建物,高雄市左營區博愛二路181~210號,0,商,1050804,土地0建物1車位0,一層,24,住宅大樓(11層含以上有電梯),住商用,鋼骨混凝土造,791002,70.73,0,0,0,無,有,無,18000,254,,0,0,,RPWNMLMJRHLFFEE09CC
左營區,建物,高雄市左營區博愛二路181~210號,0,商,1050804,土地0建物1車位0,二層,24,住宅大樓(11層含以上有電梯),住商用,鋼骨混凝土造,791002,257.11,0,0,0,無,無,無,27000,105,,0,0,,RPXNMLMJRHLFFEE56CC
鳳山區,房地(土地+建物),高雄市鳳山區光遠路1~30號,80,住,1050902,土地3建物1車位0,全,3,透天厝,住商用,加強磚造,630202,189,0,0,0,無,無,無,21000,111,,0,0,,RPPNMLNJRHLFFGE68CC
左營區,房地(土地+建物)+車位,高雄市左營區安吉街421~450號,12.9,住,1050828,土地1建物1車位1,八層,14,住宅大樓(11層含以上有電梯),住家用,鋼筋混凝土造,941123,129.3,3,2,2,有,有,有,21000,162,坡道機械,0,0,,RPRNMLNJRHLFFEE68CC
左營區,房地(土地+建物),高雄市左營區崇德路121~150號,7.63,商,1050807,土地1建物1車位0,四層,14,住宅大樓(11層含以上有電梯),住家用,見使用執照,900425,68.32,2,1,1,有,有,有,11000,161,,0,0,,RPSNMLNJRHLFFEE78CC
左營區,房地(土地+建物),高雄市左營區翠華路601~630號,40.89,其他,1050830,土地1建物1車位0,一層,16,店面(店鋪),住商用,見其它登記事項,880303,271.15,2,1,1,有,無,有,32000,118,,0,0,,RPTNMLNJRHLFFEE88CC
左營區,房地(土地+建物)+車位,高雄市左營區安吉街421~450號,12.89,商,1050828,土地1建物1車位1,八層,14,住宅大樓(11層含以上有電梯),住家用,鋼筋混凝土造,941123,129.28,3,2,2,有,無,有,21000,162,坡道機械,0,0,,RPUNMLNJRHLFFEE98CC
新興區,房地(土地+建物),高雄市新興區河南一路1~30號,10.06,商,1050825,土地1建物1車位0,四層,8,華廈(10層含以下有電梯),住家用,鋼筋混凝土造,811214,61.95,2,1,1,有,有,無,9000,145,,0,0,,RPPNMLNJRHLFFBE18CC
苓雅區,房地(土地+建物),高雄市苓雅區林森二路211~240號,111.75,其他,1050830,土地1建物1車位0,一層,4,公寓(5樓含以下無電梯),住商用,鋼筋混凝土造,591118,236.59,0,0,0,無,無,無,80000,338,,0,0,,RPQNMLPJRHLFFBE48CC
鼓山區,建物,高雄市鼓山區明誠四路241~270號,0,商,1050812,土地0建物1車位0,八層,27,住宅大樓(11層含以上有電梯),住家用,鋼筋混凝土造,941230,190.32,4,2,2,有,有,有,16000,84,,0,0,,RPQNMLPJRHLFFAE38CC
鳳山區,房地(土地+建物),高雄市鳳山區光復路一段61~90號,61,住,1050905,土地1建物1車位0,全,3,透天厝,住商用,加強磚造,630916,126,2,4,3,有,無,無,25000,198,,0,0,,RPXNMLPJRHLFFGE07CC
三民區,房地(土地+建物),高雄市三民區黃興路417巷1~30號,17.23,住,1050821,土地2建物1車位0,三層,9,華廈(10層含以下有電梯),住家用,鋼筋混凝土造,830204,109.75,3,2,2,有,無,無,13000,118,,0,0,,RPOQMLQJRHLFFDE88CC
鼓山區,房地(土地+建物)+車位,高雄市鼓山區文信路211~240號,22.67,商,1050815,土地1建物1車位1,見其它登記事項,11,住宅大樓(11層含以上有電梯),住商用,鋼筋混凝土造,851002,207.32,2,1,3,有,有,無,29000,140,升降機械,0,0,"本門牌為1+2+3的產品含地下一層的機械式車位一個,早期產品本登錄坪數含車位面積，但示部未特別註記車位持分，所以就所登錄的公設面積含車位面積，月租金含車位在內~第一年租金29000元第二年租金30000元第三年31000元",RPVOMLQJRHLFFAE56DC
鼓山區,房地(土地+建物)+車位,高雄市鼓山區文信路211~240號,22.67,商,1050815,土地1建物1車位1,一層,11,住宅大樓(11層含以上有電梯),住商用,鋼筋混凝土造,851002,207.32,2,1,3,有,無,無,29000,140,升降機械,0,0,本門牌含1+2+3三個樓層，含一個機械式車位，由於早期的建物登記方式，所以下述所登記面積，公設有含一機械式車位面積，第一年29000元，第二年30000元，第三年31000元,RPTNMLRJRHLFFAE98DC
大寮區,建物,高雄市大寮區中正路61~90號,0,住,1050905,土地0建物1車位0,全,2,透天厝,住家用,加強磚造,610210,26.44,1,0,0,無,無,有,8000,303,,0,0,,RPVNMLRJRHLFFLE67DC
苓雅區,房地(土地+建物),高雄市苓雅區新光路62巷1~30號,12.05,商,1050901,土地1建物1車位0,三十層,35,住宅大樓(11層含以上有電梯),住家用,鋼筋混凝土造,860421,281.94,5,2,4,有,無,有,25000,89,,0,0,,RPPNMLRJRHLFFBE58CC
前鎮區,建物,高雄市前鎮區光華三路241~270號,0,商,1050903,土地0建物1車位1,十二層,15,住宅大樓(11層含以上有電梯),住家用,見其它登記事項,951121,145.71,3,2,2,有,有,有,21000,144,坡道機械,10.18,0,,RPXNMLRJRHLFFCE86CC
左營區,房地(土地+建物)+車位,高雄市左營區大中二路751~780號,15.59,住,1050821,土地1建物1車位1,十二層,15,住宅大樓(11層含以上有電梯),住家用,鋼筋混凝土造,1000628,142.73,3,2,2,有,有,有,18000,126,坡道平面,0,0,,RPUOMLRJRHLFFEE86CC
前金區,建物,高雄市前金區市中一路91~120號,0,商,1050816,土地0建物1車位0,十三層,22,住宅大樓(11層含以上有電梯),住家用,鋼筋混凝土造,910618,85.34,2,1,1,有,有,有,19000,223,,0,0,,RPQNMLSJRHLFFAE68CC
鼓山區,房地(土地+建物)+車位,高雄市鼓山區美明路31~60號,20.11,住,1050815,土地1建物1車位1,一層,11,住宅大樓(11層含以上有電梯),住家用,鋼筋混凝土造,931018,114.48,3,2,2,有,有,有,16000,140,坡道平面,6.19,0,,RPQOMLSJRHLFFAE78CC
鼓山區,房地(土地+建物)+車位,高雄市鹽埕區文信路211~240號,22.67,商,1050815,土地1建物1車位1,一層,1,住宅大樓(11層含以上有電梯),住商用,鋼筋混凝土造,851002,207.32,2,1,3,有,無,無,29000,140,升降機械,0,0,本次出租門牌含1+2+3樓和機械式車位一個，由於早期建物登記在標示部，針對車位未特別標註持分，所以下述所填的面積有含車位面積，租金第一年29000元/第二年30000元/第三年31000元,RPRNMLSJRHLFFAE88DC
三民區,房地(土地+建物),高雄市三民區河北一路219巷1~30號,46,商,1050817,土地1建物1車位0,全,2,透天厝,住家用,加強磚造,610311,60.84,3,2,2,有,無,有,18000,296,,0,0,,RPVNMLTJRHLFFDE07DC
仁武區,房地(土地+建物),高雄市仁武區仁忠路151~180號,108.79,住,1050812,土地1建物1車位0,一層,7,華廈(10層含以下有電梯),住家用,鋼筋混凝土造,851029,317.27,1,1,1,有,有,無,58000,183,,0,0,,RPWNMLTJRHLFFIE57CC
鼓山區,房地(土地+建物)+車位,高雄市鼓山區富農路121~150號,12.98,商,1050816,土地1建物1車位1,三層,15,住宅大樓(11層含以上有電梯),住家用,鋼筋混凝土造,940929,123,3,2,2,有,有,有,16000,130,坡道機械,5.27,0,,RPXNMLTJRHLFFAE86CC
前鎮區,房地(土地+建物),高雄市前鎮區中華五路1411~1440號,10.77,住,1050909,土地1建物1車位0,六層,14,住宅大樓(11層含以上有電梯),住家用,鋼筋混凝土造,950314,108.96,2,1,1,有,有,有,15000,138,,0,0,,RPVNMLTJRHLFFCE86CC
前鎮區,房地(土地+建物),高雄市前鎮區中華五路1411~1440號,8.5,住,1050901,土地1建物1車位0,八層,14,住宅大樓(11層含以上有電梯),住家用,鋼筋混凝土造,950314,84.78,2,1,1,有,有,有,15555,183,,0,0,包含租賃稅，續租。,RPWNMLTJRHLFFCE96CC
前鎮區,房地(土地+建物),高雄市前鎮區文林街121~150號,5.55,住,1050909,土地2建物1車位0,十四層,39,住宅大樓(11層含以上有電梯),住家用,見其它登記事項,880209,137.38,3,2,2,有,有,有,15831,115,,0,0,,RPXNMLTJRHLFFCE07CC
鳳山區,建物,高雄市鳳山區南和街61~90號,0,住,1050827,土地0建物1車位0,見其他登記事項,13,住宅大樓(11層含以上有電梯),住商用,鋼筋混凝土造,820924,164.21,3,2,3,有,無,無,22000,134,,0,0,,RPQNMLTJRHLFFGE76CC
小港區,房地(土地+建物),高雄市小港區旭東街1~30號,25.5,住,1050905,土地1建物1車位0,四層,4,公寓(5樓含以下無電梯),住家用,加強磚造,640823,46.95,2,1,1,有,無,有,8500,181,,0,0,,RPQNMLKKRHLFFCE18CC
苓雅區,建物,高雄市苓雅區新光路62巷1~30號,0,商,1050910,土地0建物1車位0,三十二層,35,住宅大樓(11層含以上有電梯),住家用,鋼筋混凝土造,860421,234.08,4,2,2,有,有,有,20000,85,,0,0,,RPPOMLMKRHLFFBE28CC
苓雅區,建物,高雄市苓雅區新光路62巷1~30號,0,商,1050910,土地0建物1車位0,十五層,35,住宅大樓(11層含以上有電梯),住家用,鋼筋混凝土造,860421,113.37,3,2,2,有,有,有,11000,97,,0,0,,RPQOMLMKRHLFFBE38CC
苓雅區,房地(土地+建物),高雄市苓雅區興中二路121~150號,4.75,商,1050911,土地1建物1車位0,十三層,13,套房(1房1廳1衛),住家用,鋼筋混凝土造,860227,47.23,1,1,1,有,有,有,10000,212,,0,0,,RPUOMLMKRHLFFBE78CC
新興區,建物,高雄市新興區中山一路271~300號,0,商,1050909,土地0建物1車位0,十一層,13,套房(1房1廳1衛),住家用,鋼筋混凝土造,850603,31.88,1,1,1,有,有,有,5000,157,,0,0,租5000元附部份家具家電,RPOPMLMKRHLFFBE28CC
楠梓區,房地(土地+建物),高雄市楠梓區益群路61~90號,23.71,商,1050901,土地2建物1車位0,見其它登記事項,13,住宅大樓(11層含以上有電梯),住商用,鋼筋混凝土造,840126,146.66,3,2,2,有,有,無,28000,191,,0,0,,RPSOMLMKRHLFFEE88CC
鳳山區,房地(土地+建物),高雄市鳳山區中山東路38巷1~30號,152,其他,1050908,土地2建物2車位0,全,3,透天厝,住商用,加強磚造,630817,418.96,8,0,3,有,無,有,45000,107,,0,0,,RPXNMLMKRHLFFGE86CC
鳳山區,房地(土地+建物),高雄市鳳山區青年路二段541~570號,50,住,1050913,土地1建物1車位0,全,3,透天厝,住商用,鋼筋混凝土造,750505,30.65,0,0,0,無,無,無,33000,1077,,0,0,,RPRPMLNKRHLFFGE56CC
楠梓區,房地(土地+建物),高雄市楠梓區德民路121~150號,15.06,住,1050901,土地1建物1車位0,三層,12,住宅大樓(11層含以上有電梯),住家用,鋼筋混凝土造,780915,131.37,3,2,2,有,無,有,13000,99,,0,0,,RPWNMLNKRHLFFEE66CC
楠梓區,房地(土地+建物),高雄市楠梓區德民路121~150號,15.06,住,1050901,土地1建物1車位0,三層,12,住宅大樓(11層含以上有電梯),住家用,鋼筋混凝土造,780915,131.37,3,2,2,有,有,有,13000,99,,0,0,,RPOOMLNKRHLFFEE58CC
楠梓區,房地(土地+建物),高雄市楠梓區德豐街151~180號,16,住,1050827,土地1建物1車位0,二層,15,住宅大樓(11層含以上有電梯),住家用,鋼筋混凝土造,1011123,113.09,3,2,2,有,有,有,15000,133,,0,0,,RPROMLNKRHLFFEE88CC
楠梓區,房地(土地+建物),高雄市楠梓區德賢路241~270號,78,其他,1050911,土地1建物1車位0,全,5,透天厝,住商用,鋼筋混凝土造,830126,269.18,8,2,5,有,無,有,50000,186,,0,0,,RPPPMLNKRHLFFEE78CC
左營區,房地(土地+建物),高雄市左營區榮耀街31~60號,14.62,住,1050830,土地1建物1車位0,十五層,22,住宅大樓(11層含以上有電梯),住家用,見使用執照,880703,193.93,4,2,2,有,有,無,17000,88,,0,0,租金含管理費,RPWPMLNKRHLFFEE86CC
鼓山區,房地(土地+建物),高雄市鼓山區大順一路451~480號,2348,住,1050901,土地1建物1車位0,四層,15,住宅大樓(11層含以上有電梯),住家用,鋼筋混凝土造,960402,7545.37,3,2,2,有,無,有,28000,4,,0,0,,RPPNMLNKRHLFFAE18CC
鼓山區,房地(土地+建物)+車位,高雄市鼓山區裕國街121~150號,18.68,住,1050820,土地1建物1車位1,一層,14,住宅大樓(11層含以上有電梯),住家用,鋼筋混凝土造,940909,119.15,3,2,2,有,有,有,19000,159,坡道機械,14.54,0,,RPQOMLNKRHLFFAE38CC
鼓山區,建物,高雄市鼓山區雄峰路1~30號,0,,1050916,土地0建物1車位0,十一層,11,住宅大樓(11層含以上有電梯),住家用,鋼筋混凝土造,710818,62.32,3,2,1,有,無,無,8500,136,,0,0,,RPQNMLQKRHLFFAE58CC
前鎮區,房地(土地+建物),高雄市前鎮區大禹街1~30號,10.64,其他,1050906,土地1建物1車位0,十八層,22,住宅大樓(11層含以上有電梯),住家用,鋼筋混凝土造,790323,143.71,4,2,2,有,無,無,13800,96,,0,0,,RPPNMLQKRHLFFCE68CC
左營區,房地(土地+建物),高雄市左營區左營區自由二路301~330號,272,商,1050905,土地1建物1車位0,一層,4,店面(店鋪),住商用,鋼筋混凝土造,980410,121.58,0,0,0,無,無,無,110000,905,,0,0,,RPQNMLQKRHLFFEE98CC
大寮區,建物,高雄市大寮區中正路61~90號,0,住,1050901,土地0建物1車位0,全,2,透天厝,住家用,加強磚造,610210,26.44,1,0,0,無,無,有,8000,303,,0,0,,RPPNMLQKRHLFFLE07DC
大寮區,建物,高雄市大寮區中正路61~90號,0,住,1050905,土地0建物1車位0,全,2,透天厝,住家用,加強磚造,610210,26.44,1,0,0,無,無,有,10000,378,,0,0,,RPQNMLQKRHLFFLE17DC
左營區,房地(土地+建物),高雄市左營區大中一路391~420號,11.92,住,1050913,土地1建物1車位0,四層,14,住宅大樓(11層含以上有電梯),住家用,見使用執照,880930,137.56,4,4,4,有,無,無,13300,97,,0,0,本建物的權狀含車位一個，這次租賃合約的租金不含車位租金,RPPNMLRKRHLFFEE09DC
左營區,房地(土地+建物),高雄市左營區正心街31~60號,3.89,商,1050907,土地1建物1車位0,二十六層,29,住宅大樓(11層含以上有電梯),住家用,見其它登記事項,880803,194.54,4,2,2,有,有,有,24000,123,,0,0,,RPVOMLTKRHLFFEE27CC
苓雅區,房地(土地+建物),高雄市苓雅區自強三路151~180號,4.23,商,1050902,土地1建物1車位0,二層,13,住宅大樓(11層含以上有電梯),住家用,鋼筋混凝土造,970919,47.02,1,1,1,有,無,有,13500,287,,0,0,,RPUNMLTKRHLFFBE76CC
新興區,房地(土地+建物),高雄市新興區新興路31~60號,9.32,商,1050908,土地1建物1車位0,三層,14,住宅大樓(11層含以上有電梯),住家用,鋼筋混凝土造,1040306,83.99,2,2,1,有,有,有,20000,238,,0,0,,RPVNMLTKRHLFFBE86CC
小港區,房地(土地+建物),高雄市小港區孔鳳路331~360號,88,住,1050901,土地1建物1車位0,全,4,透天厝,住商用,鋼筋混凝土造,961112,246.18,5,2,4,有,無,有,28000,114,,0,0,,RPRNMLTKRHLFFCE56CC
前鎮區,房地(土地+建物),高雄市前鎮區中山二路181~210號,5.94,商,1050829,土地1建物1車位0,九層,15,住宅大樓(11層含以上有電梯),住家用,鋼筋混凝土造,1000125,76.97,2,2,1,有,有,有,19999,260,,0,0,,RPPOMLTKRHLFFCE09CC
前鎮區,房地(土地+建物),高雄市前鎮區中山二路181~210號,4.52,商,1050916,土地1建物1車位0,九層,48,住宅大樓(11層含以上有電梯),住家用,鋼筋混凝土造,1000125,57.57,1,1,1,有,有,有,15500,269,,0,0,,RPQOMLTKRHLFFCE56CC
前鎮區,房地(土地+建物),高雄市前鎮區管仲南路391~420號,8.12,商,1050911,土地1建物1車位0,十層,15,住宅大樓(11層含以上有電梯),住家用,鋼筋混凝土造,941228,103.23,2,2,1,有,有,有,20000,194,,0,0,,RPTOMLTKRHLFFCE86CC
前金區,房地(土地+建物)+車位,高雄市前金區民生二路121~150號,5.45,商,1050903,土地1建物1車位1,六層,14,住宅大樓(11層含以上有電梯),住家用,鋼骨鋼筋混凝土造,901016,248.78,4,2,2,有,有,有,50000,201,坡道平面,25.86,0,,RPSNMLTKRHLFFAE09CC
鼓山區,房地(土地+建物)+車位,高雄市鼓山區南屏路841~870號,9.03,商,1050910,土地1建物1車位1,八層,19,住宅大樓(11層含以上有電梯),住家用,鋼筋混凝土造,951205,216.6,4,2,2,有,有,有,35000,162,坡道平面,26.88,0,,RPWNMLTKRHLFFAE86CC
鼓山區,房地(土地+建物)+車位,高雄市鼓山區美術東四路301~330號,22.76,商,1050913,土地1建物1車位1,十二層,15,住宅大樓(11層含以上有電梯),住家用,鋼筋混凝土造,950124,229.54,4,2,2,有,有,有,35000,152,坡道平面,32.73,0,,RPOOMLTKRHLFFAE78CC
鼓山區,房地(土地+建物),高雄市鼓山區文忠路121~150號,6.83,商,1050911,土地1建物1車位0,六層,15,住宅大樓(11層含以上有電梯),住家用,鋼筋混凝土造,1020527,80.76,2,1,1,有,有,有,17000,211,,0,0,,RPPOMLTKRHLFFAE88CC
鼓山區,房地(土地+建物)+車位,高雄市鼓山區美術東二路31~60號,16.14,住,1050916,土地1建物1車位1,十二層,14,住宅大樓(11層含以上有電梯),住家用,鋼筋混凝土造,931206,86.12,2,2,1,有,有,有,17000,197,坡道平面,19.67,0,,RPUNMLKLRHLFFAE48CC
小港區,房地(土地+建物),高雄市小港區大業北路331~360號,11.68,住,1050915,土地1建物1車位0,十層,12,住宅大樓(11層含以上有電梯),住家用,鋼筋混凝土造,840422,99.19,3,2,2,有,無,有,15000,151,,0,0,,RPWNMLKLRHLFFCE88CC
新興區,建物,高雄市新興區球庭路61~90號,0,商,1050901,土地0建物1車位0,十四層,14,住宅大樓(11層含以上有電梯),住家用,鋼筋混凝土造,1010509,79.18,2,1,1,有,有,有,23000,290,,0,0,,RPPPMLKLRHLFFBE28CC
楠梓區,房地(土地+建物),高雄市楠梓區德民路1351~1380號,213.97,住,1050919,土地1建物1車位0,全,4,透天厝,住商用,鋼筋混凝土造,1021219,249.68,4,2,5,有,無,無,35000,140,,0,0,,RPROMLKLRHLFFEE68CC
左營區,建物,高雄市左營區自勉路151~180號,0,,1050910,土地0建物1車位0,十二層,15,住宅大樓(11層含以上有電梯),住家用,鋼筋混凝土造,960410,277.38,4,2,2,有,有,無,35000,126,,0,0,,RPQPMLKLRHLFFEE68CC
左營區,房地(土地+建物)+車位,高雄市左營區華夏路1711~1740號,15.45,住,1050918,土地1建物1車位1,四層,12,住宅大樓(11層含以上有電梯),住家用,鋼筋混凝土造,851014,123.99,3,2,2,有,有,有,11000,89,坡道機械,0,0,,RPUPMLKLRHLFFEE09CC
大寮區,建物,高雄市大寮區中正路61~90號,0,住,1050901,土地0建物1車位0,全,2,透天厝,住家用,加強磚造,610210,26.44,1,0,0,無,無,有,8000,303,,0,0,,RPPOMLKLRHLFFLE66DC
大寮區,建物,高雄市大寮區中正路61~90號,0,住,1050905,土地0建物1車位0,全,2,透天厝,住家用,加強磚造,610210,26.44,1,0,0,無,無,有,10000,378,,0,0,,RPQOMLKLRHLFFLE76DC
橋頭區,建物,高雄市橋頭區成功南路240巷9弄1~30號,0,住,1050831,土地0建物1車位0,全,4,透天厝,住商用,鋼筋混凝土造,880329,166.14,4,2,4,有,有,無,11000,66,,0,0,,RPRNMLKLRHLFFFE78DC
橋頭區,建物,高雄市橋頭區成功南路148巷6弄1~30號,0,住,1050831,土地0建物1車位0,全,4,透天厝,住商用,鋼筋混凝土造,880329,183.85,4,2,4,有,有,無,11000,60,,0,0,,RPSNMLKLRHLFFFE88DC
鳳山區,房地(土地+建物),高雄市鳳山區南華路91~120號,76,商,1050901,土地1建物1車位0,一層,3,店面(店鋪),住商用,加強磚造,650715,36.99,0,0,0,無,無,無,20000,541,,0,0,,RPWOMLKLRHLFFGE86DC
大寮區,房地(土地+建物),高雄市大寮區鳳林三路661~690號,120,住,1050908,土地2建物1車位0,全,4,透天厝,住商用,鋼筋混凝土造,671011,174.15,1,0,1,有,無,有,5000,29,,0,0,本棟透天為套房出租，此件為承租套房3-3,RPUNMLLLRHLFFLE07CC
岡山區,房地(土地+建物),高雄市岡山區中華路1~30號,83,住,1050905,土地1建物1車位0,全,4,透天厝,住商用,鋼筋混凝土造,750324,32.47,0,0,0,無,無,無,13000,400,,0,0,,RPPNMLLLRHLFFFE68DC
林園區,房地(土地+建物),高雄市林園區溪州三路348巷1~30號,30.45,住,1050919,土地1建物1車位0,四層,5,公寓(5樓含以下無電梯),住家用,鋼筋混凝土造,830125,94.23,3,2,2,有,無,有,7000,74,,0,0,,RPTNMLLLRHLFFLE07DC
左營區,房地(土地+建物),高雄市左營區文瑞路31~60號,18.4,住,1050913,土地1建物1車位0,見其它登記事項,14,店面(店鋪),住商用,鋼筋混凝土造,870819,139.77,0,0,0,無,有,無,16000,114,,0,0,租金含管理費及稅金。,RPXNMLLLRHLFFEE66CC
三民區,房地(土地+建物),高雄市三民區鼎強街79巷1~30號,37.72,住,1050910,土地1建物1車位0,見其他登記事項,13,店面(店鋪),住商用,鋼筋混凝土造,831124,285.72,2,1,3,有,有,無,15000,52,,0,0,,RPQNMLLLRHLFFDE48CC
小港區,房地(土地+建物),高雄市小港區桂江街91~120號,17.92,住,1050904,土地1建物1車位0,五層,7,華廈(10層含以下有電梯),住家用,鋼筋混凝土造,830606,107.22,3,2,2,有,有,有,7000,65,,0,0,,RPROMLLLRHLFFCE58CC
鼓山區,房地(土地+建物),高雄市鼓山區龍勝路121~150號,1863,商,1050920,土地1建物1車位0,十層,15,住宅大樓(11層含以上有電梯),住家用,鋼筋混凝土造,950809,6622.92,2,2,1,有,無,有,14000,2,,0,0,,RPPOMLMLRHLFFAE28CC
三民區,房地(土地+建物),高雄市三民區九如一路541~570號,9.53,商,1050830,土地1建物1車位0,十四層,23,住宅大樓(11層含以上有電梯),住家用,鋼筋混凝土造,831114,134.16,3,2,2,有,無,有,20000,149,,0,0,含車位及管理費,RPOOMLMLRHLFFDE48CC
鳳山區,房地(土地+建物),高雄市鳳山區新康街151~180號,21.19,住,1050824,土地1建物1車位0,一層,13,住宅大樓(11層含以上有電梯),住商用,鋼筋混凝土造,880625,154.53,2,2,2,有,有,無,15000,97,,0,0,,RPWPMLMLRHLFFGE07CC
楠梓區,房地(土地+建物),高雄市楠梓區裕昌街151~180號,8.44,商,1050917,土地1建物1車位0,五層,15,住宅大樓(11層含以上有電梯),住家用,鋼筋混凝土造,1011225,84.76,2,2,1,有,無,有,12000,142,,0,0,,RPRPMLMLRHLFFEE98CC
橋頭區,房地(土地+建物),高雄市橋頭區成功北路91~120號,101,住,1050922,土地1建物1車位0,全,5,透天厝,住商用,鋼筋混凝土造,860706,215.88,6,3,4,有,無,無,16800,78,,0,0,,RPTNMLMLRHLFFFE56DC
仁武區,房地(土地+建物),高雄市仁武區八德南路100巷1~30號,104.77,住,1050908,土地1建物1車位0,全,4,透天厝,住商用,鋼筋混凝土造,810323,42.35,0,0,1,有,無,無,18000,425,,0,0,,RPPOMLMLRHLFFIE09CC
楠梓區,房地(土地+建物),高雄市楠梓區芎蕉路211~240號,512.7,住,1050923,土地1建物1車位0,全,4,透天厝,住商用,見其它登記事項,1030811,240.68,0,0,0,無,有,無,39200,163,,0,0,,RPUNMLNLRHLFFEE56CC
左營區,房地(土地+建物)+車位,高雄市左營區新莊一路181~210號,16.33,住,1050923,土地1建物1車位1,六層,14,住宅大樓(11層含以上有電梯),住家用,鋼筋混凝土造,940520,144.38,3,2,2,有,有,有,24000,166,坡道平面,17.94,0,,RPOPMLNLRHLFFEE78CC
三民區,房地(土地+建物),高雄市三民區大昌二路91~120號,13.44,商,1050920,土地1建物1車位0,見其他登記事項,22,店面(店鋪),住商用,鋼筋混凝土造,860729,173.24,0,0,0,無,無,有,30000,173,,0,0,,RPTOMLNLRHLFFDE09CC
苓雅區,建物,高雄市苓雅區新光路62巷1~30號,0,商,1050913,土地0建物1車位0,二十三層,35,住宅大樓(11層含以上有電梯),住家用,鋼筋混凝土造,860421,126.69,3,2,2,有,有,有,13000,103,,0,0,,RPVNMLNLRHLFFBE98CC
苓雅區,建物,高雄市苓雅區自強三路20巷1~30號,0,商,1050921,土地0建物1車位0,一層,35,店面(店鋪),住商用,鋼筋混凝土造,860421,277.62,3,2,2,有,有,無,30000,108,,0,0,,RPWNMLNLRHLFFBE09CC
苓雅區,房地(土地+建物)+車位,高雄市苓雅區光明街61~90號,11.25,住,1050908,土地1建物1車位1,十一層,15,住宅大樓(11層含以上有電梯),住家用,鋼筋混凝土造,960508,129.12,3,2,2,有,無,有,26000,201,升降機械,6.92,0,,RPXNMLNLRHLFFBE56CC
苓雅區,房地(土地+建物),高雄市苓雅區永樂街61~90號,50,商,1050912,土地1建物1車位0,全,3,透天厝,住商用,加強磚造,560608,88.87,0,0,0,無,無,無,9000,101,,0,0,,RPTOMLNLRHLFFBE88CC
前鎮區,房地(土地+建物),高雄市前鎮區新光路1~30號,3.56,住,1050901,土地1建物1車位0,三十六層,39,住宅大樓(11層含以上有電梯),住家用,見其它登記事項,880209,123.01,3,2,2,有,有,有,17000,138,,0,0,,RPQNMLNLRHLFFCE58CC
前鎮區,建物,高雄市前鎮區天山路9巷1~30號,0,商,1050912,土地0建物1車位0,四層,5,公寓(5樓含以下無電梯),住家用,鋼筋混凝土造,770310,143.44,3,2,2,有,無,有,10000,70,,0,0,,RPUNMLNLRHLFFCE98CC
前鎮區,房地(土地+建物)+車位,高雄市前鎮區光華三路181~210號,13.32,商,1050922,土地1建物1車位1,三層,15,住宅大樓(11層含以上有電梯),住家用,鋼筋混凝土造,950614,123.3,3,2,2,有,有,有,24000,195,升降平面,34.86,0,,RPVNMLNLRHLFFCE09CC
前鎮區,房地(土地+建物),高雄市前鎮區管仲南路331~360號,6.81,商,1050923,土地1建物1車位0,十四層,15,住宅大樓(11層含以上有電梯),住家用,見其它登記事項,960126,153.88,3,2,2,有,有,有,23000,149,,0,0,,RPWNMLNLRHLFFCE56CC
前鎮區,房地(土地+建物),高雄市前鎮區新光路1~30號,2.99,住,1050910,土地1建物1車位0,十六層,39,住宅大樓(11層含以上有電梯),住家用,見其它登記事項,880209,74.43,2,2,1,有,無,有,13000,175,,0,0,,RPXNMLNLRHLFFCE66CC
小港區,建物,高雄市小港區松金街1巷1~30號,19.1,住,1050912,土地0建物1車位0,四層,5,公寓(5樓含以下無電梯),住家用,鋼筋混凝土造,710802,72.54,2,2,1,有,無,無,10000,138,,0,0,,RPROMLNLRHLFFCE78CC
鼓山區,房地(土地+建物),高雄市鼓山區明誠三路421~450號,7.89,商,1050829,土地1建物1車位0,三層,15,住宅大樓(11層含以上有電梯),住家用,鋼筋混凝土造,950823,79.41,2,1,1,有,有,有,14000,176,,0,0,,RPRNMLOLRHLFFAE58CC
前金區,房地(土地+建物),高雄市前金區允文街31~60號,4.96,商,1050909,土地1建物1車位0,九層,15,住宅大樓(11層含以上有電梯),住家用,鋼筋混凝土造,940624,64.57,1,1,1,有,無,無,13000,201,,0,0,,RPUNMLOLRHLFFAE88CC
左營區,房地(土地+建物),高雄市左營區重化街121~150號,14.46,商,1050826,土地1建物1車位0,十二層,13,住宅大樓(11層含以上有電梯),住家用,鋼筋混凝土造,830630,174.36,3,2,2,有,有,有,22222,127,,0,0,,RPUNMLOLRHLFFEE66CC
左營區,房地(土地+建物),高雄市左營區先鋒路361~390號,79,住,1050827,土地1建物1車位0,全,4,透天厝,住商用,鋼筋混凝土造,1000916,217.81,4,2,2,有,無,有,28000,129,,0,0,,RPVNMLOLRHLFFEE76CC
鳳山區,房地(土地+建物),高雄市鳳山區鳳山區龍成路175巷38弄1~30號,25.77,住,1050826,土地1建物1車位0,三層,5,公寓(5樓含以下無電梯),住家用,鋼筋混凝土造,730306,78.59,3,1,1,有,無,無,6000,76,,0,0,,RPPNMLPLRHLFFGE09CC
鳳山區,房地(土地+建物)+車位,高雄市鳳山區瑞順街48巷1~30號,942,住,1050913,土地1建物1車位1,二層,7,華廈(10層含以下有電梯),住家用,鋼筋混凝土造,790831,96.72,3,2,2,有,有,有,12000,124,升降平面,0,0,,RPVOMLQLRHLFFGE27CC
鳳山區,房地(土地+建物)+車位,高雄市鳳山區鳳甲路511~540號,3684.87,住,1050919,土地1建物1車位1,八層,10,華廈(10層含以下有電梯),住家用,鋼筋混凝土造,900120,72.65,3,2,2,有,無,有,15000,206,坡道平面,0,0,,RPWOMLQLRHLFFGE37CC
前鎮區,房地(土地+建物),高雄市前鎮區中華五路991~1020號,27.54,其他,1050926,土地1建物1車位0,十三層,14,住宅大樓(11層含以上有電梯),住家用,鋼筋混凝土造,910619,161.87,4,2,2,有,無,有,16000,99,,0,0,,RPRNMLQLRHLFFCE98CC
岡山區,房地(土地+建物),高雄市岡山區中山北路91~120號,146,商,1050927,土地1建物1車位0,見其他登記事項,5,店面(店鋪),住商用,鋼筋混凝土造,1020223,383.73,5,2,6,有,無,無,52000,136,,0,0,,RPQNMLRLRHLFFFE66CC
前鎮區,建物,高雄市前鎮區正勤路31~60號,0,,1050926,土地0建物1車位0,一層,14,住宅大樓(11層含以上有電梯),住商用,鋼筋混凝土造,910619,112.86,0,0,0,無,無,無,35000,310,,0,0,,RPPNMLRLRHLFFCE88CC
前鎮區,房地(土地+建物),高雄市前鎮區新光路1~30號,1.28,住,1050922,土地1建物1車位0,八層,39,套房(1房1廳1衛),住家用,見其它登記事項,880209,41.25,1,1,1,有,無,有,12000,291,,0,0,,RPXNMLRLRHLFFCE07CC
鳳山區,建物,高雄市鳳山區新富路331~360號,0,住,1050923,土地0建物0車位0,一層,16,住宅大樓(11層含以上有電梯),住商用,鋼筋混凝土造,850822,90.59,0,0,0,無,有,無,19000,210,,0,0,,RPSNMLTLRHLFFGE17CC
左營區,房地(土地+建物),高雄市左營區正心街31~60號,4.76,商,1050923,土地1建物1車位0,九層,29,住宅大樓(11層含以上有電梯),住家用,見其它登記事項,880803,117.04,3,1,2,有,有,有,18000,154,,0,0,,RPXOMLTLRHLFFEE57CC
新興區,房地(土地+建物)+車位,高雄市新興區新興區復興一路61~90號,6.49,商,1050924,土地1建物1車位1,十五層,15,住宅大樓(11層含以上有電梯),住家用,鋼筋混凝土造,1041023,114.24,2,2,1,有,有,有,23000,201,坡道平面,30.53,0,,RPVNMLTLRHLFFBE96CC
前鎮區,建物,高雄市前鎮區光華二路331~360號,0,,1050925,土地0建物1車位0,十一層,12,住宅大樓(11層含以上有電梯),住家用,鋼筋混凝土造,830816,41.98,1,1,1,有,無,無,8000,191,,0,0,,RPPNMLTLRHLFFCE09CC
鼓山區,建物,高雄市鼓山區美術東六街211~240號,0,商,1050919,土地0建物1車位0,三層,14,住宅大樓(11層含以上有電梯),住家用,鋼筋混凝土造,930224,138.86,3,2,2,有,無,有,15000,108,,0,0,,RPTOMLTLRHLFFAE76CC
前金區,建物,高雄市前金區中山橫路121~150號,118.55,商,1050926,土地0建物1車位0,五層,15,住宅大樓(11層含以上有電梯),住家用,鋼筋混凝土造,980217,217.88,3,2,2,有,有,有,33000,151,,0,0,,RPVOMLTLRHLFFAE96CC
三民區,房地(土地+建物),高雄市三民區同盟三路181~210號,185.95,住,1050902,土地1建物1車位0,見其他登記事項,4,店面(店鋪),住商用,鋼筋混凝土造,921001,336.62,7,2,4,有,無,無,53000,157,,0,0,,RPTOMLTLRHLFFDE17DC
前鎮區,房地(土地+建物),高雄市前鎮區中華五路1007巷1~30號,27.84,住,1050907,土地1建物1車位0,七層,14,住宅大樓(11層含以上有電梯),住家用,鋼筋混凝土造,910619,163.02,4,2,2,有,無,有,9600,59,,0,0,此物件雖為4房2廳2衛3陽台格局，總坪數為49.30坪，但實際只出租2房2廳1衛2陽台，坪數約25坪,RPWPMLTLRHLFFCE47DC
仁武區,房地(土地+建物),高雄市仁武區永新四街61~90號,201.44,住,1050921,土地1建物1車位0,全,4,透天厝,住家用,鋼筋混凝土造,870917,218.74,5,2,4,有,無,無,25000,114,,0,0,,RPQOMLKMRHLFFIE09CC
鼓山區,房地(土地+建物)+車位,高雄市鼓山區富農路151~180號,15.16,商,1050922,土地1建物1車位1,二十二層,30,住宅大樓(11層含以上有電梯),住家用,鋼骨鋼筋混凝土造,1011011,262.85,3,2,2,有,有,有,52000,198,坡道平面,13.17,0,,RPVNMLKMRHLFFAE68CC
鼓山區,房地(土地+建物)+車位,高雄市鼓山區美術館路61~90號,25.37,住,1050929,土地2建物1車位1,九層,15,住宅大樓(11層含以上有電梯),住家用,鋼筋混凝土造,951013,187.79,4,2,2,有,有,有,28000,149,坡道平面,15.5,0,,RPROMLKMRHLFFAE38CC
前金區,房地(土地+建物),高雄市前金區文武二街91~120號,63,商,1050926,土地1建物1車位0,見其它登記事項,2,店面(店鋪),住家用,鋼筋混凝土造,950517,286,6,1,5,有,無,有,47000,164,,0,0,,RPWOMLKMRHLFFAE88CC
小港區,房地(土地+建物),高雄市小港區山明路61~90號,65.5,住,1050929,土地1建物1車位0,全,5,透天厝,住家用,鋼筋混凝土造,1011126,70.95,0,0,1,有,無,有,23000,324,,0,0,,RPPNMLKMRHLFFCE28CC
前鎮區,房地(土地+建物)+車位,高雄市前鎮區二聖一路61~90號,21.92,住,1050929,土地1建物1車位1,十五層,15,住宅大樓(11層含以上有電梯),住家用,見其它登記事項,1000511,163.19,3,2,2,有,有,有,24000,147,坡道平面,17.55,0,,RPQOMLKMRHLFFCE48CC
前鎮區,房地(土地+建物),高雄市前鎮區一心二路181~210號,4.29,商,1050926,土地1建物1車位0,十一層,15,住宅大樓(11層含以上有電梯),住家用,鋼筋混凝土造,831001,72.4,2,2,1,有,有,有,11000,152,,0,0,,RPTOMLKMRHLFFCE78CC
左營區,房地(土地+建物)+車位,高雄市左營區文天路121~150號,12.7,住,1050920,土地1建物1車位1,九層,15,住宅大樓(11層含以上有電梯),住家用,鋼筋混凝土造,1021111,175.17,3,2,2,有,有,有,32000,183,坡道平面,20.67,0,,RPPPMLKMRHLFFEE68CC
左營區,房地(土地+建物)+車位,高雄市左營區海景街481~510號,39.42,住,1050901,土地1建物1車位1,六層,14,住宅大樓(11層含以上有電梯),住家用,鋼筋混凝土造,991124,181.74,3,2,2,有,有,無,13000,72,升降平面,0,0,,RPPQMLKMRHLFFEE78CC
左營區,房地(土地+建物)+車位,高雄市左營區海景街391~420號,35.55,住,1050920,土地1建物1車位1,十層,14,住宅大樓(11層含以上有電梯),住家用,鋼筋混凝土造,991216,184.87,3,2,2,有,有,有,14000,76,坡道平面,0,0,,RPRQMLKMRHLFFEE98CC
三民區,房地(土地+建物),高雄市三民區建興路61~90號,8.08,商,1050905,土地2建物1車位0,十三層,14,住宅大樓(11層含以上有電梯),住家用,鋼筋混凝土造,1010611,75.75,2,1,1,有,有,有,17000,224,,0,0,,RPQPMLKMRHLFFDE68CC
鳳山區,房地(土地+建物),高雄市鳳山區花園街31~60號,29.12,住,1050922,土地2建物1車位0,見其他登記事項,5,公寓(5樓含以下無電梯),住商用,鋼筋混凝土造,701205,87.2,1,0,0,無,無,無,13500,155,,0,0,,RPPNMLLJIILFFGE67CC
前鎮區,建物,高雄市前鎮區林森三路83巷31~60號,0,商,1050919,土地0建物1車位0,全,5,透天厝,住家用,鋼筋混凝土造,1030807,65.32,0,1,1,有,無,有,34000,521,,0,0,,RPSNMLLJIILFFCE57CC
前鎮區,建物,高雄市前鎮區中華五路1441~1470號,0,商,1050929,土地0建物1車位1,十四層,15,住宅大樓(11層含以上有電梯),住家用,鋼筋混凝土造,940330,125.74,2,2,2,有,有,有,23000,183,坡道平面,31.72,0,,RPTNMLLJIILFFCE67CC
三民區,房地(土地+建物),高雄市三民區南臺路195巷1~30號,3.31,商,1050918,土地1建物1車位0,五層,25,住宅大樓(11層含以上有電梯),住家用,鋼骨鋼筋混凝土造,870929,27.88,1,0,1,有,有,有,8000,287,,0,0,,RPRNMLLJIILFFDE67DC
鼓山區,房地(土地+建物),高雄市鼓山區龍水路181~210號,15.69,住,1050910,土地1建物1車位0,三層,11,住宅大樓(11層含以上有電梯),住家用,鋼筋混凝土造,950608,60.38,2,1,1,有,有,有,15000,248,,0,0,,RPSNMLLJIILFFAE47DC
楠梓區,房地(土地+建物),高雄市楠梓區德民路496巷1~30號,25.98,住,1050812,土地1建物1車位0,二層,5,公寓(5樓含以下無電梯),住家用,鋼筋混凝土造,790614,89.64,3,2,2,有,無,有,12500,139,,0,0,,RPPOMLOJIILFFEE87CC
鳳山區,建物,高雄市鳳山區五甲二路91~120號,0,商,1050901,土地0建物1車位0,一層,1,店面(店鋪),住商用,鋼筋混凝土造,840615,173.22,0,0,0,無,無,無,78000,450,,0,0,,RPUOMLPJIILFFGE68CC
鳥松區,建物,高雄市鳥松區本館路361~390號,0,住,1051005,土地0建物1車位0,全,3,透天厝,住家用,鋼筋混凝土造,711225,49.21,1,1,1,有,無,有,17500,356,,0,0,透天3樓只租1樓附桌椅冷氣簡易裝潢,RPPOMLPJIILFFIE38CC
楠梓區,房地(土地+建物),高雄市楠梓區德民路451~480號,68,住,1050425,土地2建物1車位0,全,4,透天厝,住商用,鋼筋混凝土造,771205,191.6,4,2,3,有,無,無,19985,104,,0,0,,RPUOMLQJIILFFEE58CC
左營區,房地(土地+建物),高雄市左營區南屏路331~360號,24.31,住,1050929,土地1建物1車位0,一層,15,住宅大樓(11層含以上有電梯),住家用,鋼筋混凝土造,830701,156.42,3,2,2,有,有,有,17600,113,,0,0,,RPWOMLQJIILFFEE78CC
苓雅區,房地(土地+建物)+車位,高雄市苓雅區興中一路91~120號,23.91,住,1050926,土地1建物1車位0,一層,15,店面(店鋪),住商用,鋼筋混凝土造,1010215,242.9,1,0,0,無,有,無,60000,247,坡道平面,20.25,0,,RPUNMLQJIILFFBE18CC
苓雅區,建物,高雄市苓雅區新光路62巷1~30號,0,商,1051004,土地0建物1車位0,十三層,35,住宅大樓(11層含以上有電梯),住家用,鋼筋混凝土造,860421,137.62,3,2,2,有,有,有,13000,94,,0,0,,RPUNMLRJIILFFBE28CC
左營區,房地(土地+建物),高雄市左營區重上街181~210號,0,商,1051001,土地1建物1車位0,一層,13,住宅大樓(11層含以上有電梯),住商用,鋼筋混凝土造,861006,148.14,3,2,2,有,有,無,20000,135,,0,0,,RPROMLRJIILFFEE38CC
左營區,房地(土地+建物)+車位,高雄市左營區新榮街151~180號,17.19,住,1050910,土地1建物1車位1,十三層,14,住宅大樓(11層含以上有電梯),住家用,鋼筋混凝土造,960404,117.3,2,2,2,有,有,有,19000,162,坡道機械,19.51,0,,RPQNMLSJIILFFEE28CC
左營區,建物,高雄市左營區新勝街1~30號,82.9,住,1051008,土地0建物1車位0,全,5,透天厝,住家用,見其它登記事項,930420,41.47,0,0,0,無,無,有,18000,434,,0,0,,RPPOMLKKIILFFEE57CC
左營區,房地(土地+建物),高雄市左營區正心街61~90號,4.15,商,1051002,土地1建物1車位0,十二層,15,住宅大樓(11層含以上有電梯),住家用,鋼筋混凝土造,1001028,56.73,1,1,1,有,有,有,14500,256,,0,0,,RPROMLKKIILFFEE77CC
前鎮區,房地(土地+建物),高雄市前鎮區三多三路1~30號,56,商,1050926,土地1建物1車位0,全,3,透天厝,住商用,加強磚造,580120,161.03,0,0,0,無,無,無,23000,143,,0,0,,RPPNMLKKIILFFCE27CC
前鎮區,房地(土地+建物),高雄市前鎮區沱江街121~150號,6.06,住,1050930,土地1建物1車位0,二十四層,27,住宅大樓(11層含以上有電梯),住家用,鋼筋混凝土造,860527,153.7,4,2,2,有,有,有,15000,98,,0,0,,RPUNMLLKIILFFCE87CC
前鎮區,建物,高雄市前鎮區中山二路181~210號,7.61,住,1050930,土地0建物1車位0,四層,15,住宅大樓(11層含以上有電梯),住家用,鋼筋混凝土造,1000125,91.93,2,2,1,有,有,有,17975,196,,0,0,,RPQOMLLKIILFFCE57CC
苓雅區,房地(土地+建物)+車位,高雄市苓雅區光明街61~90號,11.49,商,1051006,土地1建物1車位1,四層,15,住宅大樓(11層含以上有電梯),住家用,鋼筋混凝土造,960508,131.09,3,2,2,有,有,有,21000,160,坡道機械,8.9,0,,RPQOMLLKIILFFBE47CC
左營區,房地(土地+建物),高雄市左營區立文路91~120號,6.7,商,1051007,土地1建物1車位0,十三層,15,住宅大樓(11層含以上有電梯),住家用,鋼筋混凝土造,1030327,114.8,2,2,1,有,有,有,21500,187,,0,0,,RPOQMLLKIILFFEE77CC
左營區,房地(土地+建物)+車位,高雄市左營區南屏路241~270號,23.75,住,1051007,土地1建物1車位1,七層,15,住宅大樓(11層含以上有電梯),住家用,見其它登記事項,1030711,189.96,3,2,2,有,有,有,40000,211,坡道平面,22.99,0,,RPRQMLLKIILFFEE08CC
左營區,建物,高雄市左營區正心街61~90號,0,,1051004,土地0建物1車位0,十五層,15,住宅大樓(11層含以上有電梯),住家用,鋼筋混凝土造,1001028,49.15,2,1,1,有,有,有,15136,308,,0,0,,RPTQMLLKIILFFEE28CC
三民區,房地(土地+建物),高雄市三民區大豐二路181~210號,40.6,商,1050928,土地1建物1車位0,五層,5,公寓(5樓含以下無電梯),住家用,鋼筋混凝土造,960608,123.04,3,2,2,有,無,有,20000,163,,0,0,,RPSOMLLKIILFFDE87CC
苓雅區,房地(土地+建物)+車位,高雄市苓雅區五福三路91~120號,18.31,住,1051001,土地1建物1車位1,二層,15,住宅大樓(11層含以上有電梯),住家用,鋼筋混凝土造,960813,174.75,3,2,2,有,有,有,32000,183,坡道平面,0,0,含平面車位一個，二代健保,RPPOMLMKIILFFBE47CC
前鎮區,房地(土地+建物),高雄市前鎮區中山二路61~90號,6.77,住,1051003,土地1建物1車位0,七層,19,住宅大樓(11層含以上有電梯),住家用,鋼筋混凝土造,981224,102.3,2,1,1,有,有,有,24444,239,,0,0,含二代健保，租賃稅,RPUNMLMKIILFFCE97CC
前鎮區,房地(土地+建物),高雄市前鎮區中山二路61~90號,8.09,住,1051012,土地1建物1車位0,六層,19,住宅大樓(11層含以上有電梯),住家用,鋼筋混凝土造,981224,79.49,2,1,1,有,有,有,27778,349,,0,0,含租賃稅，二代健保,RPVNMLMKIILFFCE08CC
鼓山區,建物,高雄市鼓山區篤敬路31~60號,65.5,商,1051006,土地0建物1車位0,一層,3,店面(店鋪),住商用,鋼筋混凝土造,841129,159.6,0,0,0,無,無,有,80000,501,,0,0,,RPOOMLMKIILFFAE27CC
新興區,房地(土地+建物),高雄市新興區復興二路301~330號,18.87,商,1051010,土地1建物1車位0,十二層,26,住宅大樓(11層含以上有電梯),住家用,鋼筋混凝土造,840911,324.51,5,2,2,有,有,有,33500,103,,0,0,,RPQNMLNKIILFFBE57CC
三民區,房地(土地+建物),高雄市三民區民族一路451~480號,66.83,住,1050919,土地1建物1車位0,見其他登記事項,4,店面(店鋪),住商用,鋼筋混凝土造,840523,94.92,4,4,4,有,無,無,18000,190,,0,0,,RPXOMLNKIILFFDE58CC
路竹區,房地(土地+建物),高雄市路竹區國昌路301~330號,79.9,其他,1051006,土地1建物1車位0,全,4,透天厝,住商用,鋼筋混凝土造,830428,233.52,6,2,4,有,無,有,25000,107,,0,0,,RPOOMLNKIILFFJE28CC
左營區,建物,高雄市左營區博愛四路226巷1~30號,5.93,住,1051014,土地0建物1車位0,十三層,28,住宅大樓(11層含以上有電梯),住家用,鋼筋混凝土造,840817,81.09,3,2,1,有,無,有,8000,99,,0,0,,RPWPMLOKIILFFEE78CC
左營區,房地(土地+建物),高雄市左營區文川路151~180號,75.39,住,1051014,土地1建物1車位0,全,5,透天厝,住商用,鋼筋混凝土造,840712,300.57,5,2,4,有,無,有,25500,85,,0,0,,RPRQMLOKIILFFEE38CC
前鎮區,房地(土地+建物)+車位,高雄市前鎮區中華五路751~780號,37.63,住,1050920,土地1建物1車位1,十一層,27,住宅大樓(11層含以上有電梯),住家用,見其它登記事項,1000622,351,3,2,2,有,有,有,72000,205,坡道平面,27.02,0,,RPQOMLOKIILFFCE87CC
鼓山區,房地(土地+建物),高雄市鼓山區龍德路241~270號,20.53,其他,1051014,土地1建物1車位0,四層,10,華廈(10層含以下有電梯),住家用,鋼筋混凝土造,830124,89.87,3,2,2,有,無,有,11852,132,,0,0,,RPPNMLPKIILFFAE57CC
苓雅區,建物,高雄市苓雅區新光路62巷1~30號,0,商,1051010,土地0建物1車位0,十九層,35,住宅大樓(11層含以上有電梯),住家用,鋼筋混凝土造,860421,147.13,3,2,2,有,有,有,15000,97,坡道平面,13.32,0,,RPQNMLPKIILFFBE77CC
楠梓區,房地(土地+建物),高雄市楠梓區壽民路241~270號,28.93,住,1051012,土地1建物1車位0,一層,7,華廈(10層含以下有電梯),住商用,鋼筋混凝土造,801003,166.69,1,2,2,有,無,有,16000,96,,0,0,,RPPNMLRKIILFFEE18CC
左營區,建物,高雄市左營區文學路301~330號,0,住,1051007,土地0建物1車位0,全,4,透天厝,住商用,鋼筋混凝土造,950818,197.33,5,1,4,有,無,無,30000,152,,0,0,,RPSOMLRKIILFFEE58CC
左營區,房地(土地+建物),高雄市左營區裕誠路451~480號,7.5,商,1050919,土地1建物1車位0,一層,17,住宅大樓(11層含以上有電梯),住商用,鋼筋混凝土造,780612,186.29,1,0,1,有,無,有,40000,215,,0,0,1051001-1051031為免租裝潢期,RPXOMLRKIILFFEE09CC
三民區,房地(土地+建物),高雄市三民區中華三路301~330號,86,商,1051012,土地1建物1車位0,全,3,透天厝,住商用,加強磚造,531023,229.13,0,0,0,無,無,有,30000,131,,0,0,,RPUNMLRKIILFFDE58CC
三民區,房地(土地+建物),高雄市三民區大豐一路1~30號,37.48,住,1050923,土地2建物1車位0,一層,13,住宅大樓(11層含以上有電梯),住商用,鋼筋混凝土造,840823,165.54,0,2,2,有,有,無,18000,109,,0,0,大樓店面1+2樓,RPTOMLRKIILFFDE58CC
鼓山區,房地(土地+建物)+車位,高雄市鼓山區文忠路151~180號,10.24,商,1050920,土地1建物1車位1,十三層,15,住宅大樓(11層含以上有電梯),住家用,鋼筋混凝土造,1020527,90.04,2,1,1,有,有,有,18000,200,坡道平面,29.28,0,,RPUOMLRKIILFFAE38CC
前鎮區,建物,高雄市前鎮區天山路91~120號,0,,1050918,土地0建物1車位0,一層,5,公寓(5樓含以下無電梯),住家用,鋼筋混凝土造,700923,71.53,1,1,1,有,無,無,15000,210,,0,0,合約起租生效日為106年1月1日,RPRNMLRKIILFFCE18CC
左營區,房地(土地+建物),高雄市左營區重信路399巷1~30號,110.9,住,1050928,土地1建物1車位0,全,4,透天厝,住家用,鋼筋混凝土造,870730,309.66,4,2,4,有,無,無,30000,97,,0,0,,RPOOMLSKIILFFEE38DC
大寮區,建物,高雄市大寮區中正路61~90號,0,農,1051010,土地0建物1車位0,全,2,透天厝,住家用,加強磚造,610210,26.44,1,0,0,無,無,有,8000,303,,0,0,,RPWNMLSKIILFFLE17DC
鳳山區,建物,高雄市鳳山區瑞隆東路91~120號,0,住,1051017,土地0建物1車位0,一層,4,公寓(5樓含以下無電梯),住家用,鋼筋混凝土造,680501,87.41,1,0,1,有,無,無,15000,172,,0,0,,RPQPMLSKIILFFGE78CC
左營區,房地(土地+建物),高雄市左營區明華一路151~180號,7.05,商,1050924,土地1建物1車位0,六層,14,住宅大樓(11層含以上有電梯),住家用,鋼筋混凝土造,1020808,55.91,2,2,1,有,有,有,14698,263,,0,0,,RPTNMLSKIILFFEE68CC
左營區,房地(土地+建物),高雄市左營區明華一路151~180號,7.05,商,1050924,土地1建物1車位0,六層,14,住宅大樓(11層含以上有電梯),住家用,鋼筋混凝土造,1020808,55.91,2,2,1,有,有,有,16000,286,,0,0,,RPVNMLSKIILFFEE88CC
左營區,房地(土地+建物),高雄市左營區立文路91~120號,8.28,商,1051011,土地1建物1車位0,十一層,15,住宅大樓(11層含以上有電梯),住家用,鋼筋混凝土造,1030327,114.59,2,2,1,有,有,有,22000,192,,0,0,,RPVNMLTKIILFFEE98CC
鳳山區,房地(土地+建物),高雄市鳳山區五甲一路631~660號,81,住,1051018,土地1建物1車位0,全,3,透天厝,住商用,鋼筋混凝土造,661015,167.58,2,2,3,有,無,無,18000,107,,0,0,,RPPPMLTKIILFFGE78CC
鹽埕區,房地(土地+建物),高雄市鹽埕區五福四路61~90號,6.76,商,1051014,土地1建物1車位0,二層,15,住宅大樓(11層含以上有電梯),住家用,鋼筋混凝土造,1040323,158.17,3,2,2,有,有,有,38000,240,,0,0,,RPTOMLTKIILFFAE48CC
前鎮區,房地(土地+建物),高雄市前鎮區一心二路181~210號,2.42,住,1051003,土地1建物1車位0,十層,20,住宅大樓(11層含以上有電梯),住家用,鋼筋混凝土造,831001,40.82,1,1,1,有,無,有,9000,220,,0,0,,RPQNMLTKIILFFCE28CC
前鎮區,房地(土地+建物)+車位,高雄市前鎮區中華五路1261~1290號,46.51,住,1051014,土地1建物1車位1,十四層,29,住宅大樓(11層含以上有電梯),住家用,見其它登記事項,1020710,365.1,3,2,2,有,有,有,85000,233,坡道平面,16.32,0,,RPOOMLTKIILFFCE18CC
前鎮區,房地(土地+建物),高雄市前鎮區凱旋四路1051~1080號,103,住,1051007,土地1建物1車位0,全,3,透天厝,住商用,鋼筋混凝土造,970425,67.89,1,1,1,有,無,無,23000,339,,0,0,透天厝租1層,RPPOMLTKIILFFCE28CC
前鎮區,房地(土地+建物),高雄市前鎮區鄭和路31~60號,5.52,住,1051007,土地1建物1車位0,二十七層,27,住宅大樓(11層含以上有電梯),住家用,鋼筋混凝土造,860527,159.11,3,2,2,有,有,有,25000,157,,0,0,,RPSOMLKLIILFFCE77CC
前鎮區,建物,高雄市前鎮區中山二路1~30號,0,住,1051006,土地0建物1車位2,十二層,28,住宅大樓(11層含以上有電梯),住家用,鋼筋混凝土造,861105,211.57,4,2,2,有,無,有,30000,142,坡道機械,26,0,,RPXOMLKLIILFFCE28CC
鼓山區,建物,高雄市鼓山區明華路331~360號,1331,住,1051007,土地0建物1車位0,十三層,16,住宅大樓(11層含以上有電梯),住家用,鋼筋混凝土造,840110,151.81,3,2,2,有,無,有,18000,119,,0,0,,RPQOMLKLIILFFAE37CC
前金區,房地(土地+建物),高雄市前金區中華三路91~120號,5.97,商,1051019,土地2建物1車位0,五層,15,住宅大樓(11層含以上有電梯),住家用,鋼筋混凝土造,1040703,128.24,3,2,2,有,有,有,33000,257,,0,0,,RPROMLKLIILFFAE47CC
新興區,房地(土地+建物)+車位,高雄市新興區林森一路241~270號,9.7,商,1051016,土地1建物1車位1,十二層,14,住宅大樓(11層含以上有電梯),住家用,鋼筋混凝土造,1050413,113.64,2,2,1,有,有,有,25390,223,坡道機械,14.89,0,,RPWNMLKLIILFFBE97CC
鳳山區,建物,高雄市鳳山區青年路二段331~360號,46.28,住,1051014,土地0建物1車位0,全,2,透天厝,住商用,鋼筋混凝土造,880127,93.1,0,0,0,無,無,有,38000,408,,0,0,,RPUNMLKLIILFFGE28CC
左營區,房地(土地+建物)+車位,高雄市左營區光興街31~60號,33.75,住,1051003,土地1建物2車位1,六層,12,住宅大樓(11層含以上有電梯),住家用,見使用執照,880116,237.92,4,2,3,有,有,有,21000,88,坡道平面,25.6,0,,RPUNMLKLIILFFEE08CC
岡山區,房地(土地+建物),高雄市岡山區大德二路31~60號,93,住,1050923,土地1建物1車位0,見其他登記事項,4,店面(店鋪),住商用,鋼筋混凝土造,950111,174.47,4,3,3,有,無,有,18000,103,,0,0,,RPXNMLLLIILFFFE58CC
新興區,建物,高雄市新興區興華路61~90號,0,商,1051004,土地0建物1車位0,十五層,15,住宅大樓(11層含以上有電梯),住家用,鋼筋混凝土造,960413,93.66,2,1,1,有,有,有,28000,299,,0,0,,RPRNMLLLIILFFBE57CC
苓雅區,房地(土地+建物),高雄市苓雅區林德街10巷1~30號,16,住,1051019,土地1建物1車位0,全,5,透天厝,住商用,鋼筋混凝土造,730726,46.01,2,1,1,有,無,無,8000,174,,0,0,,RPUNMLLLIILFFBE87CC
苓雅區,房地(土地+建物),高雄市苓雅區中正三路1~30號,152,商,1050930,土地2建物2車位0,全,4,透天厝,住商用,鋼筋混凝土造,601204,534.46,0,0,0,無,無,無,48000,90,,0,0,,RPXNMLLLIILFFBE18CC
新興區,房地(土地+建物),高雄市新興區民權一路241~270號,55.99,商,1051012,土地1建物1車位0,二層,28,辦公商業大樓,住商用,鋼筋混凝土造,820304,610.3,0,0,0,無,有,無,55000,90,,0,0,,RPOOMLLLIILFFBE37CC
鼓山區,房地(土地+建物),高雄市鼓山區美術東二路61~90號,28.66,住,1051013,土地1建物2車位0,見其它登記事項,24,店面(店鋪),住商用,鋼筋混凝土造,1020805,217.73,0,0,0,無,有,無,68000,312,,0,0,,RPOOMLLLIILFFAE27CC
小港區,房地(土地+建物),高雄市小港區永順街31~60號,13.56,商,1051020,土地1建物1車位0,六層,12,住宅大樓(11層含以上有電梯),住家用,鋼筋混凝土造,820313,142.93,4,2,2,有,有,有,11000,77,,0,0,,RPSNMLLLIILFFCE77CC
苓雅區,建物,高雄市苓雅區新光路62巷1~30號,0,商,1051017,土地0建物1車位0,二十層,35,住宅大樓(11層含以上有電梯),住家用,鋼筋混凝土造,860421,113.37,3,2,2,有,有,有,12000,106,,0,0,,RPQNMLMLIILFFBE57CC
苓雅區,建物,高雄市苓雅區新光路62巷1~30號,0,商,1051021,土地0建物1車位0,二十四層,35,住宅大樓(11層含以上有電梯),住家用,鋼筋混凝土造,860421,147.13,3,2,2,有,有,有,13000,88,,0,0,,RPRNMLMLIILFFBE67CC
鳳山區,建物,高雄市鳳山區凱旋路271~300號,15.49,,1051018,土地0建物1車位0,九層,15,住宅大樓(11層含以上有電梯),住家用,鋼筋混凝土造,811028,136.14,3,2,2,有,有,無,13500,99,,0,0,,RPQOMLOLIILFFGE38CC
楠梓區,房地(土地+建物)+車位,高雄市楠梓區創新路871~900號,18.59,住,1051022,土地1建物1車位1,七層,11,住宅大樓(11層含以上有電梯),住家用,鋼筋混凝土造,1010724,81.32,2,2,2,有,有,無,16000,197,坡道平面,29.12,0,,RPWNMLPLIILFFEE78CC
左營區,房地(土地+建物),高雄市左營區明誠二路421~450號,30.11,其他,1051024,土地1建物1車位0,八層,18,住宅大樓(11層含以上有電梯),住家用,鋼筋混凝土造,801130,188.4,3,2,2,有,有,有,10000,53,,0,0,,RPXNMLPLIILFFEE88CC
鳳山區,房地(土地+建物),高雄市鳳山區中山西路361~390號,5.63,住,1051025,土地1建物1車位0,見其他登記事項,16,住宅大樓(11層含以上有電梯),住商用,鋼筋混凝土造,860228,46.95,3,2,3,有,無,有,30000,639,,0,0,,RPUNMLQLIILFFGE88CC
鳳山區,建物,高雄市鳳山區文藝街61~90號,0,住,1051004,土地0建物1車位0,見其他登記事項,6,華廈(10層含以下有電梯),住商用,鋼筋混凝土造,861128,145.15,3,2,2,有,有,無,16000,110,,0,0,,RPXNMLQLIILFFGE56CC
鹽埕區,房地(土地+建物)+車位,高雄市鹽埕區必忠街31~60號,32.8,住,1051024,土地1建物1車位1,三層,14,住宅大樓(11層含以上有電梯),住家用,鋼筋混凝土造,810717,214.04,3,2,2,有,有,有,17000,79,坡道機械,0,0,,RPVNMLQLIILFFAE38CC
新興區,建物,高雄市新興區青年一路241~270號,0,商,1051024,土地0建物1車位0,全,3,透天厝,住商用,加強磚造,580318,50.71,0,1,1,有,無,有,23000,454,,0,0,,RPTNMLQLIILFFBE28CC
新興區,房地(土地+建物),高雄市新興區七賢一路481~510號,9.34,商,1050930,土地1建物1車位0,十二層,15,住宅大樓(11層含以上有電梯),住家用,鋼筋混凝土造,981222,169.28,3,2,2,有,有,有,29000,171,,0,0,,RPPNMLRLIILFFBE97CC
苓雅區,建物,高雄市苓雅區新光路62巷1~30號,0,商,1051023,土地0建物1車位0,十三層,35,住宅大樓(11層含以上有電梯),住家用,鋼筋混凝土造,860421,147.13,3,2,2,有,有,有,13000,88,,0,0,,RPVNMLRLIILFFBE58CC
苓雅區,房地(土地+建物)+車位,高雄市苓雅區五福三路91~120號,18.31,商,1051021,土地1建物1車位1,六層,15,住宅大樓(11層含以上有電梯),住家用,鋼筋混凝土造,960813,254.29,4,2,2,有,有,有,45000,177,坡道平面,15.85,0,,RPQOMLRLIILFFBE18CC
鼓山區,房地(土地+建物),高雄市鼓山區文信路211~240號,10.94,商,1051013,土地1建物1車位0,十五層,15,住宅大樓(11層含以上有電梯),住家用,鋼筋混凝土造,931025,110.67,3,2,2,有,有,有,16500,149,,0,0,,RPVOMLRLIILFFAE58CC
三民區,房地(土地+建物)+車位,高雄市三民區鼎金後路421~450號,13.43,住,1051017,土地1建物1車位1,八層,15,住宅大樓(11層含以上有電梯),住家用,鋼筋混凝土造,1030409,192.68,4,2,2,有,無,有,32000,166,坡道平面,24.21,0,,RPTOMLRLIILFFDE68CC
三民區,房地(土地+建物)+車位,高雄市三民區河北二路61~90號,20.62,商,1051021,土地1建物1車位1,四層,12,住宅大樓(11層含以上有電梯),住家用,鋼筋混凝土造,991116,150.86,3,2,2,有,有,有,21000,139,坡道平面,22.06,0,,RPUOMLRLIILFFDE78CC
三民區,房地(土地+建物),高雄市三民區鼎山街571~600號,14.51,商,1051024,土地1建物1車位0,十四層,15,住宅大樓(11層含以上有電梯),住家用,鋼筋混凝土造,990115,153.89,4,1,2,有,有,有,20000,130,,0,0,,RPVOMLRLIILFFDE88CC
三民區,房地(土地+建物),高雄市三民區惠德街31~60號,20.81,住,1051011,土地1建物1車位0,一層,5,公寓(5樓含以下無電梯),住家用,加強磚造,580810,83.71,3,2,2,有,無,無,9000,108,,0,0,,RPOQMLRLIILFFDE38CC
左營區,房地(土地+建物),高雄市左營區文府路541~570號,44.62,住,1051007,土地1建物1車位0,全,4,透天厝,住商用,見其它登記事項,871216,209.12,4,2,4,有,無,無,18000,86,,0,0,,RPRPMLRLIILFFEE68CC
三民區,房地(土地+建物),高雄市三民區義華路61~90號,286,住,1051024,土地2建物1車位0,見其他登記事項,2,店面(店鋪),住商用,見其它登記事項,1041014,269.96,0,0,0,無,無,無,68000,252,,0,0,,RPOOMLSLIILFFDE28CC
鳳山區,房地(土地+建物),高雄市鳳山區瑞大街31~60號,52,住,1051028,土地1建物1車位0,全,2,透天厝,住商用,鋼筋混凝土造,751020,113.09,4,2,2,有,無,無,15000,133,,0,0,,RPPOMLSLIILFFGE68CC
前金區,房地(土地+建物),高雄市前金區瑞源路31~60號,12.89,商,1051021,土地1建物1車位0,十層,10,華廈(10層含以下有電梯),住家用,鋼筋混凝土造,780203,118.8,4,2,3,有,無,有,20000,168,,0,0,,RPVOMLSLIILFFAE68CC
鼓山區,房地(土地+建物),高雄市鼓山區富農路181~210號,8.38,住,1051004,土地1建物1車位0,五層,15,住宅大樓(11層含以上有電梯),住家用,鋼筋混凝土造,940513,87.31,2,2,1,有,有,有,15500,178,,0,0,,RPRNMLTLIILFFAE28CC
鼓山區,房地(土地+建物)+車位,高雄市鼓山區美術北一街1~30號,19.5,商,1051011,土地1建物1車位1,十二層,19,住宅大樓(11層含以上有電梯),住家用,鋼筋混凝土造,950525,198.83,2,2,2,有,有,有,28000,141,坡道機械,0,0,,RPSNMLTLIILFFAE38CC
前鎮區,房地(土地+建物),高雄市前鎮區中華五路991~1020號,100.66,其他,1051028,土地1建物1車位0,二層,12,住宅大樓(11層含以上有電梯),住商用,鋼筋混凝土造,830809,212.02,0,0,0,無,無,無,25000,118,,0,0,建物承租範圍:二層+三層。租賃標的清冊-土地部分的面積100.66平方公尺為建物一層至三層的持分。,RPQNMLTLIILFFCE38CC
鳳山區,房地(土地+建物),高雄市鳳山區中泰街47巷1~30號,58,住,1051026,土地1建物1車位0,全,4,透天厝,住家用,鋼筋混凝土造,750925,109.42,3,2,3,有,無,有,18000,165,,0,0,,RPPNMLTLIILFFGE68CC
前鎮區,建物,高雄市前鎮區中山二路181~210號,0,商,1051014,土地0建物1車位0,十五層,15,住宅大樓(11層含以上有電梯),住家用,鋼筋混凝土造,1000125,52.57,1,1,1,有,有,有,18000,342,,0,0,,RPOOMLLMIILFFCE57CC
鼓山區,建物,高雄市鼓山區華榮路601~630號,0,住,1051024,土地0建物1車位0,二層,14,住宅大樓(11層含以上有電梯),住商用,鋼筋混凝土造,1010710,110.09,2,3,2,有,無,有,45000,409,,0,0,,RPSNMLLMIILFFAE67CC
左營區,建物,高雄市左營區保靖街31~60號,0,商,1051020,土地0建物1車位0,十五層,15,住宅大樓(11層含以上有電梯),住家用,鋼筋混凝土造,1031104,77.01,2,1,1,有,有,有,21000,273,,0,0,含管,RPXPMLLMIILFFEE78CC
左營區,建物,高雄市左營區保靖街31~60號,0,商,1051028,土地0建物1車位0,十二層,15,住宅大樓(11層含以上有電梯),住家用,鋼筋混凝土造,1031104,77.47,2,1,1,有,有,有,19000,245,,0,0,含管,RPOQMLLMIILFFEE97CC